date,sunrise,sunset,solar_noon,day_length,civil_twilight_begin,civil_twilight_end,nautical_twilight_begin,nautical_twilight_end,astronomical_twilight_begin,astronomical_twilight_end
2021-02-25,2021-02-25T13:07:17+00:00,2021-02-26T00:33:47+00:00,2021-02-25T18:50:32+00:00,41190,2021-02-25T12:44:00+00:00,2021-02-26T00:57:04+00:00,2021-02-25T12:15:40+00:00,2021-02-26T01:25:25+00:00,2021-02-25T11:47:25+00:00,2021-02-26T01:53:40+00:00
2021-02-26,2021-02-26T13:06:10+00:00,2021-02-27T00:34:34+00:00,2021-02-26T18:50:22+00:00,41304,2021-02-26T12:42:55+00:00,2021-02-27T00:57:50+00:00,2021-02-26T12:14:35+00:00,2021-02-27T01:26:09+00:00,2021-02-26T11:46:20+00:00,2021-02-27T01:54:24+00:00
2021-02-27,2021-02-27T13:05:03+00:00,2021-02-28T00:35:20+00:00,2021-02-27T18:50:11+00:00,41417,2021-02-27T12:41:48+00:00,2021-02-28T00:58:35+00:00,2021-02-27T12:13:30+00:00,2021-02-28T01:26:53+00:00,2021-02-27T11:45:15+00:00,2021-02-28T01:55:08+00:00
2021-02-28,2021-02-28T13:03:54+00:00,2021-03-01T00:36:06+00:00,2021-02-28T18:50:00+00:00,41532,2021-02-28T12:40:41+00:00,2021-03-01T00:59:19+00:00,2021-02-28T12:12:24+00:00,2021-03-01T01:27:37+00:00,2021-02-28T11:44:09+00:00,2021-03-01T01:55:52+00:00
2021-03-01,2021-03-01T13:02:45+00:00,2021-03-02T00:36:52+00:00,2021-03-01T18:49:49+00:00,41647,2021-03-01T12:39:33+00:00,2021-03-02T01:00:04+00:00,2021-03-01T12:11:16+00:00,2021-03-02T01:28:21+00:00,2021-03-01T11:43:02+00:00,2021-03-02T01:56:35+00:00
2021-03-02,2021-03-02T13:01:35+00:00,2021-03-03T00:37:37+00:00,2021-03-02T18:49:36+00:00,41762,2021-03-02T12:38:25+00:00,2021-03-03T01:00:48+00:00,2021-03-02T12:10:08+00:00,2021-03-03T01:29:04+00:00,2021-03-02T11:41:53+00:00,2021-03-03T01:57:19+00:00
2021-03-03,2021-03-03T13:00:25+00:00,2021-03-04T00:38:22+00:00,2021-03-03T18:49:24+00:00,41877,2021-03-03T12:37:15+00:00,2021-03-04T01:01:32+00:00,2021-03-03T12:09:00+00:00,2021-03-04T01:29:48+00:00,2021-03-03T11:40:44+00:00,2021-03-04T01:58:03+00:00
2021-03-04,2021-03-04T12:59:14+00:00,2021-03-05T00:39:07+00:00,2021-03-04T18:49:11+00:00,41993,2021-03-04T12:36:05+00:00,2021-03-05T01:02:16+00:00,2021-03-04T12:07:50+00:00,2021-03-05T01:30:31+00:00,2021-03-04T11:39:34+00:00,2021-03-05T01:58:47+00:00
2021-03-05,2021-03-05T12:58:02+00:00,2021-03-06T00:39:51+00:00,2021-03-05T18:48:57+00:00,42109,2021-03-05T12:34:55+00:00,2021-03-06T01:02:59+00:00,2021-03-05T12:06:40+00:00,2021-03-06T01:31:14+00:00,2021-03-05T11:38:23+00:00,2021-03-06T01:59:30+00:00
2021-03-06,2021-03-06T12:56:50+00:00,2021-03-07T00:40:36+00:00,2021-03-06T18:48:43+00:00,42226,2021-03-06T12:33:44+00:00,2021-03-07T01:03:42+00:00,2021-03-06T12:05:29+00:00,2021-03-07T01:31:57+00:00,2021-03-06T11:37:12+00:00,2021-03-07T02:00:14+00:00
2021-03-07,2021-03-07T12:55:38+00:00,2021-03-08T00:41:19+00:00,2021-03-07T18:48:29+00:00,42341,2021-03-07T12:32:32+00:00,2021-03-08T01:04:25+00:00,2021-03-07T12:04:17+00:00,2021-03-08T01:32:40+00:00,2021-03-07T11:35:59+00:00,2021-03-08T02:00:58+00:00
2021-03-08,2021-03-08T12:54:25+00:00,2021-03-09T00:42:03+00:00,2021-03-08T18:48:14+00:00,42458,2021-03-08T12:31:19+00:00,2021-03-09T01:05:08+00:00,2021-03-08T12:03:05+00:00,2021-03-09T01:33:23+00:00,2021-03-08T11:34:46+00:00,2021-03-09T02:01:42+00:00
2021-03-09,2021-03-09T12:53:11+00:00,2021-03-10T00:42:46+00:00,2021-03-09T18:47:59+00:00,42575,2021-03-09T12:30:06+00:00,2021-03-10T01:05:51+00:00,2021-03-09T12:01:51+00:00,2021-03-10T01:34:06+00:00,2021-03-09T11:33:32+00:00,2021-03-10T02:02:26+00:00
2021-03-10,2021-03-10T12:51:57+00:00,2021-03-11T00:43:29+00:00,2021-03-10T18:47:43+00:00,42692,2021-03-10T12:28:53+00:00,2021-03-11T01:06:34+00:00,2021-03-10T12:00:38+00:00,2021-03-11T01:34:49+00:00,2021-03-10T11:32:17+00:00,2021-03-11T02:03:10+00:00
2021-03-11,2021-03-11T12:50:43+00:00,2021-03-12T00:44:12+00:00,2021-03-11T18:47:27+00:00,42809,2021-03-11T12:27:39+00:00,2021-03-12T01:07:16+00:00,2021-03-11T11:59:23+00:00,2021-03-12T01:35:31+00:00,2021-03-11T11:31:01+00:00,2021-03-12T02:03:54+00:00
2021-03-12,2021-03-12T12:49:28+00:00,2021-03-13T00:44:55+00:00,2021-03-12T18:47:11+00:00,42927,2021-03-12T12:26:24+00:00,2021-03-13T01:07:58+00:00,2021-03-12T11:58:09+00:00,2021-03-13T01:36:14+00:00,2021-03-12T11:29:45+00:00,2021-03-13T02:04:38+00:00
2021-03-13,2021-03-13T12:48:13+00:00,2021-03-14T00:45:37+00:00,2021-03-13T18:46:55+00:00,43044,2021-03-13T12:25:10+00:00,2021-03-14T01:08:40+00:00,2021-03-13T11:56:53+00:00,2021-03-14T01:36:57+00:00,2021-03-13T11:28:28+00:00,2021-03-14T02:05:22+00:00
2021-03-14,2021-03-14T12:46:58+00:00,2021-03-15T00:46:19+00:00,2021-03-14T18:46:38+00:00,43161,2021-03-14T12:23:54+00:00,2021-03-15T01:09:22+00:00,2021-03-14T11:55:37+00:00,2021-03-15T01:37:39+00:00,2021-03-14T11:27:10+00:00,2021-03-15T02:06:06+00:00
2021-03-15,2021-03-15T12:45:42+00:00,2021-03-16T00:47:01+00:00,2021-03-15T18:46:22+00:00,43279,2021-03-15T12:22:39+00:00,2021-03-16T01:10:04+00:00,2021-03-15T11:54:21+00:00,2021-03-16T01:38:22+00:00,2021-03-15T11:25:52+00:00,2021-03-16T02:06:51+00:00
2021-03-16,2021-03-16T12:44:26+00:00,2021-03-17T00:47:43+00:00,2021-03-16T18:46:04+00:00,43397,2021-03-16T12:21:23+00:00,2021-03-17T01:10:46+00:00,2021-03-16T11:53:04+00:00,2021-03-17T01:39:05+00:00,2021-03-16T11:24:34+00:00,2021-03-17T02:07:35+00:00
2021-03-17,2021-03-17T12:43:10+00:00,2021-03-18T00:48:24+00:00,2021-03-17T18:45:47+00:00,43514,2021-03-17T12:20:06+00:00,2021-03-18T01:11:28+00:00,2021-03-17T11:51:47+00:00,2021-03-18T01:39:48+00:00,2021-03-17T11:23:14+00:00,2021-03-18T02:08:20+00:00
2021-03-18,2021-03-18T12:41:54+00:00,2021-03-19T00:49:05+00:00,2021-03-18T18:45:30+00:00,43631,2021-03-18T12:18:50+00:00,2021-03-19T01:12:09+00:00,2021-03-18T11:50:29+00:00,2021-03-19T01:40:30+00:00,2021-03-18T11:21:54+00:00,2021-03-19T02:09:05+00:00
2021-03-19,2021-03-19T12:40:38+00:00,2021-03-20T00:49:47+00:00,2021-03-19T18:45:12+00:00,43749,2021-03-19T12:17:33+00:00,2021-03-20T01:12:51+00:00,2021-03-19T11:49:11+00:00,2021-03-20T01:41:13+00:00,2021-03-19T11:20:34+00:00,2021-03-20T02:09:50+00:00
2021-03-20,2021-03-20T12:39:21+00:00,2021-03-21T00:50:28+00:00,2021-03-20T18:44:54+00:00,43867,2021-03-20T12:16:16+00:00,2021-03-21T01:13:33+00:00,2021-03-20T11:47:53+00:00,2021-03-21T01:41:56+00:00,2021-03-20T11:19:13+00:00,2021-03-21T02:10:36+00:00
2021-03-21,2021-03-21T12:38:04+00:00,2021-03-22T00:51:09+00:00,2021-03-21T18:44:37+00:00,43985,2021-03-21T12:14:59+00:00,2021-03-22T01:14:14+00:00,2021-03-21T11:46:34+00:00,2021-03-22T01:42:39+00:00,2021-03-21T11:17:52+00:00,2021-03-22T02:11:21+00:00
2021-03-22,2021-03-22T12:36:48+00:00,2021-03-23T00:51:50+00:00,2021-03-22T18:44:19+00:00,44102,2021-03-22T12:13:42+00:00,2021-03-23T01:14:55+00:00,2021-03-22T11:45:15+00:00,2021-03-23T01:43:22+00:00,2021-03-22T11:16:30+00:00,2021-03-23T02:12:07+00:00
2021-03-23,2021-03-23T12:35:31+00:00,2021-03-24T00:52:30+00:00,2021-03-23T18:44:01+00:00,44219,2021-03-23T12:12:24+00:00,2021-03-24T01:15:37+00:00,2021-03-23T11:43:56+00:00,2021-03-24T01:44:05+00:00,2021-03-23T11:15:08+00:00,2021-03-24T02:12:53+00:00
2021-03-24,2021-03-24T12:34:14+00:00,2021-03-25T00:53:11+00:00,2021-03-24T18:43:42+00:00,44337,2021-03-24T12:11:07+00:00,2021-03-25T01:16:18+00:00,2021-03-24T11:42:37+00:00,2021-03-25T01:44:48+00:00,2021-03-24T11:13:46+00:00,2021-03-25T02:13:39+00:00
2021-03-25,2021-03-25T12:32:57+00:00,2021-03-26T00:53:51+00:00,2021-03-25T18:43:24+00:00,44454,2021-03-25T12:09:49+00:00,2021-03-26T01:17:00+00:00,2021-03-25T11:41:17+00:00,2021-03-26T01:45:32+00:00,2021-03-25T11:12:23+00:00,2021-03-26T02:14:26+00:00
2021-03-26,2021-03-26T12:31:41+00:00,2021-03-27T00:54:32+00:00,2021-03-26T18:43:06+00:00,44571,2021-03-26T12:08:31+00:00,2021-03-27T01:17:41+00:00,2021-03-26T11:39:57+00:00,2021-03-27T01:46:15+00:00,2021-03-26T11:11:00+00:00,2021-03-27T02:15:13+00:00
2021-03-27,2021-03-27T12:30:24+00:00,2021-03-28T00:55:12+00:00,2021-03-27T18:42:48+00:00,44688,2021-03-27T12:07:14+00:00,2021-03-28T01:18:23+00:00,2021-03-27T11:38:37+00:00,2021-03-28T01:46:59+00:00,2021-03-27T11:09:36+00:00,2021-03-28T02:16:00+00:00
2021-03-28,2021-03-28T12:29:08+00:00,2021-03-29T00:55:53+00:00,2021-03-28T18:42:30+00:00,44805,2021-03-28T12:05:56+00:00,2021-03-29T01:19:04+00:00,2021-03-28T11:37:17+00:00,2021-03-29T01:47:43+00:00,2021-03-28T11:08:13+00:00,2021-03-29T02:16:47+00:00
2021-03-29,2021-03-29T12:27:51+00:00,2021-03-30T00:56:33+00:00,2021-03-29T18:42:12+00:00,44922,2021-03-29T12:04:38+00:00,2021-03-30T01:19:46+00:00,2021-03-29T11:35:57+00:00,2021-03-30T01:48:27+00:00,2021-03-29T11:06:49+00:00,2021-03-30T02:17:35+00:00
2021-03-30,2021-03-30T12:26:35+00:00,2021-03-31T00:57:13+00:00,2021-03-30T18:41:54+00:00,45038,2021-03-30T12:03:21+00:00,2021-03-31T01:20:27+00:00,2021-03-30T11:34:37+00:00,2021-03-31T01:49:11+00:00,2021-03-30T11:05:25+00:00,2021-03-31T02:18:23+00:00
2021-03-31,2021-03-31T12:25:19+00:00,2021-04-01T00:57:53+00:00,2021-03-31T18:41:36+00:00,45154,2021-03-31T12:02:03+00:00,2021-04-01T01:21:09+00:00,2021-03-31T11:33:17+00:00,2021-04-01T01:49:56+00:00,2021-03-31T11:04:01+00:00,2021-04-01T02:19:11+00:00
2021-04-01,2021-04-01T12:24:03+00:00,2021-04-02T00:58:34+00:00,2021-04-01T18:41:18+00:00,45271,2021-04-01T12:00:46+00:00,2021-04-02T01:21:51+00:00,2021-04-01T11:31:56+00:00,2021-04-02T01:50:40+00:00,2021-04-01T11:02:37+00:00,2021-04-02T02:20:00+00:00
2021-04-02,2021-04-02T12:22:47+00:00,2021-04-03T00:59:14+00:00,2021-04-02T18:41:01+00:00,45387,2021-04-02T11:59:28+00:00,2021-04-03T01:22:33+00:00,2021-04-02T11:30:36+00:00,2021-04-03T01:51:25+00:00,2021-04-02T11:01:12+00:00,2021-04-03T02:20:49+00:00
2021-04-03,2021-04-03T12:21:32+00:00,2021-04-04T00:59:54+00:00,2021-04-03T18:40:43+00:00,45502,2021-04-03T11:58:11+00:00,2021-04-04T01:23:15+00:00,2021-04-03T11:29:16+00:00,2021-04-04T01:52:10+00:00,2021-04-03T10:59:48+00:00,2021-04-04T02:21:39+00:00
2021-04-04,2021-04-04T12:20:17+00:00,2021-04-05T01:00:35+00:00,2021-04-04T18:40:26+00:00,45618,2021-04-04T11:56:55+00:00,2021-04-05T01:23:57+00:00,2021-04-04T11:27:56+00:00,2021-04-05T01:52:55+00:00,2021-04-04T10:58:23+00:00,2021-04-05T02:22:28+00:00
2021-04-05,2021-04-05T12:19:02+00:00,2021-04-06T01:01:15+00:00,2021-04-05T18:40:09+00:00,45733,2021-04-05T11:55:38+00:00,2021-04-06T01:24:39+00:00,2021-04-05T11:26:36+00:00,2021-04-06T01:53:41+00:00,2021-04-05T10:56:59+00:00,2021-04-06T02:23:19+00:00
2021-04-06,2021-04-06T12:17:48+00:00,2021-04-07T01:01:55+00:00,2021-04-06T18:39:52+00:00,45847,2021-04-06T11:54:22+00:00,2021-04-07T01:25:22+00:00,2021-04-06T11:25:17+00:00,2021-04-07T01:54:27+00:00,2021-04-06T10:55:34+00:00,2021-04-07T02:24:09+00:00
2021-04-07,2021-04-07T12:16:34+00:00,2021-04-08T01:02:36+00:00,2021-04-07T18:39:35+00:00,45962,2021-04-07T11:53:06+00:00,2021-04-08T01:26:04+00:00,2021-04-07T11:23:57+00:00,2021-04-08T01:55:13+00:00,2021-04-07T10:54:10+00:00,2021-04-08T02:25:00+00:00
2021-04-08,2021-04-08T12:15:20+00:00,2021-04-09T01:03:16+00:00,2021-04-08T18:39:18+00:00,46076,2021-04-08T11:51:50+00:00,2021-04-09T01:26:47+00:00,2021-04-08T11:22:38+00:00,2021-04-09T01:55:59+00:00,2021-04-08T10:52:45+00:00,2021-04-09T02:25:51+00:00
2021-04-09,2021-04-09T12:14:07+00:00,2021-04-10T01:03:57+00:00,2021-04-09T18:39:02+00:00,46190,2021-04-09T11:50:35+00:00,2021-04-10T01:27:29+00:00,2021-04-09T11:21:19+00:00,2021-04-10T01:56:45+00:00,2021-04-09T10:51:21+00:00,2021-04-10T02:26:43+00:00
2021-04-10,2021-04-10T12:12:55+00:00,2021-04-11T01:04:37+00:00,2021-04-10T18:38:46+00:00,46302,2021-04-10T11:49:20+00:00,2021-04-11T01:28:12+00:00,2021-04-10T11:20:00+00:00,2021-04-11T01:57:32+00:00,2021-04-10T10:49:57+00:00,2021-04-11T02:27:35+00:00
2021-04-11,2021-04-11T12:11:42+00:00,2021-04-12T01:05:18+00:00,2021-04-11T18:38:30+00:00,46416,2021-04-11T11:48:05+00:00,2021-04-12T01:28:55+00:00,2021-04-11T11:18:42+00:00,2021-04-12T01:58:19+00:00,2021-04-11T10:48:33+00:00,2021-04-12T02:28:27+00:00
2021-04-12,2021-04-12T12:10:31+00:00,2021-04-13T01:05:59+00:00,2021-04-12T18:38:15+00:00,46528,2021-04-12T11:46:51+00:00,2021-04-13T01:29:39+00:00,2021-04-12T11:17:23+00:00,2021-04-13T01:59:06+00:00,2021-04-12T10:47:09+00:00,2021-04-13T02:29:20+00:00
2021-04-13,2021-04-13T12:09:20+00:00,2021-04-14T01:06:40+00:00,2021-04-13T18:38:00+00:00,46640,2021-04-13T11:45:38+00:00,2021-04-14T01:30:22+00:00,2021-04-13T11:16:06+00:00,2021-04-14T01:59:54+00:00,2021-04-13T10:45:46+00:00,2021-04-14T02:30:14+00:00
2021-04-14,2021-04-14T12:08:09+00:00,2021-04-15T01:07:21+00:00,2021-04-14T18:37:45+00:00,46752,2021-04-14T11:44:24+00:00,2021-04-15T01:31:05+00:00,2021-04-14T11:14:48+00:00,2021-04-15T02:00:42+00:00,2021-04-14T10:44:23+00:00,2021-04-15T02:31:07+00:00
2021-04-15,2021-04-15T12:06:59+00:00,2021-04-16T01:08:02+00:00,2021-04-15T18:37:31+00:00,46863,2021-04-15T11:43:12+00:00,2021-04-16T01:31:49+00:00,2021-04-15T11:13:31+00:00,2021-04-16T02:01:30+00:00,2021-04-15T10:43:00+00:00,2021-04-16T02:32:01+00:00
2021-04-16,2021-04-16T12:05:50+00:00,2021-04-17T01:08:43+00:00,2021-04-16T18:37:16+00:00,46973,2021-04-16T11:42:00+00:00,2021-04-17T01:32:33+00:00,2021-04-16T11:12:15+00:00,2021-04-17T02:02:18+00:00,2021-04-16T10:41:37+00:00,2021-04-17T02:32:56+00:00
2021-04-17,2021-04-17T12:04:41+00:00,2021-04-18T01:09:24+00:00,2021-04-17T18:37:03+00:00,47083,2021-04-17T11:40:48+00:00,2021-04-18T01:33:17+00:00,2021-04-17T11:10:59+00:00,2021-04-18T02:03:06+00:00,2021-04-17T10:40:15+00:00,2021-04-18T02:33:50+00:00
2021-04-18,2021-04-18T12:03:33+00:00,2021-04-19T01:10:06+00:00,2021-04-18T18:36:49+00:00,47193,2021-04-18T11:39:38+00:00,2021-04-19T01:34:01+00:00,2021-04-18T11:09:44+00:00,2021-04-19T02:03:55+00:00,2021-04-18T10:38:53+00:00,2021-04-19T02:34:46+00:00
2021-04-19,2021-04-19T12:02:26+00:00,2021-04-20T01:10:47+00:00,2021-04-19T18:36:37+00:00,47301,2021-04-19T11:38:27+00:00,2021-04-20T01:34:46+00:00,2021-04-19T11:08:29+00:00,2021-04-20T02:04:44+00:00,2021-04-19T10:37:32+00:00,2021-04-20T02:35:41+00:00
2021-04-20,2021-04-20T12:01:20+00:00,2021-04-21T01:11:28+00:00,2021-04-20T18:36:24+00:00,47408,2021-04-20T11:37:18+00:00,2021-04-21T01:35:30+00:00,2021-04-20T11:07:15+00:00,2021-04-21T02:05:34+00:00,2021-04-20T10:36:11+00:00,2021-04-21T02:36:37+00:00
2021-04-21,2021-04-21T12:00:14+00:00,2021-04-22T01:12:10+00:00,2021-04-21T18:36:12+00:00,47516,2021-04-21T11:36:09+00:00,2021-04-22T01:36:15+00:00,2021-04-21T11:06:01+00:00,2021-04-22T02:06:23+00:00,2021-04-21T10:34:51+00:00,2021-04-22T02:37:33+00:00
2021-04-22,2021-04-22T11:59:09+00:00,2021-04-23T01:12:52+00:00,2021-04-22T18:36:01+00:00,47623,2021-04-22T11:35:01+00:00,2021-04-23T01:37:00+00:00,2021-04-22T11:04:48+00:00,2021-04-23T02:07:13+00:00,2021-04-22T10:33:31+00:00,2021-04-23T02:38:30+00:00
2021-04-23,2021-04-23T11:58:05+00:00,2021-04-24T01:13:34+00:00,2021-04-23T18:35:49+00:00,47729,2021-04-23T11:33:54+00:00,2021-04-24T01:37:45+00:00,2021-04-23T11:03:36+00:00,2021-04-24T02:08:03+00:00,2021-04-23T10:32:12+00:00,2021-04-24T02:39:27+00:00
2021-04-24,2021-04-24T11:57:02+00:00,2021-04-25T01:14:16+00:00,2021-04-24T18:35:39+00:00,47834,2021-04-24T11:32:48+00:00,2021-04-25T01:38:30+00:00,2021-04-24T11:02:24+00:00,2021-04-25T02:08:53+00:00,2021-04-24T10:30:53+00:00,2021-04-25T02:40:24+00:00
2021-04-25,2021-04-25T11:55:59+00:00,2021-04-26T01:14:58+00:00,2021-04-25T18:35:29+00:00,47939,2021-04-25T11:31:42+00:00,2021-04-26T01:39:15+00:00,2021-04-25T11:01:13+00:00,2021-04-26T02:09:44+00:00,2021-04-25T10:29:35+00:00,2021-04-26T02:41:22+00:00
2021-04-26,2021-04-26T11:54:58+00:00,2021-04-27T01:15:40+00:00,2021-04-26T18:35:19+00:00,48042,2021-04-26T11:30:37+00:00,2021-04-27T01:40:01+00:00,2021-04-26T11:00:03+00:00,2021-04-27T02:10:35+00:00,2021-04-26T10:28:18+00:00,2021-04-27T02:42:20+00:00
2021-04-27,2021-04-27T11:53:57+00:00,2021-04-28T01:16:22+00:00,2021-04-27T18:35:10+00:00,48145,2021-04-27T11:29:33+00:00,2021-04-28T01:40:46+00:00,2021-04-27T10:58:54+00:00,2021-04-28T02:11:25+00:00,2021-04-27T10:27:01+00:00,2021-04-28T02:43:18+00:00
2021-04-28,2021-04-28T11:52:58+00:00,2021-04-29T01:17:04+00:00,2021-04-28T18:35:01+00:00,48246,2021-04-28T11:28:30+00:00,2021-04-29T01:41:32+00:00,2021-04-28T10:57:45+00:00,2021-04-29T02:12:16+00:00,2021-04-28T10:25:46+00:00,2021-04-29T02:44:16+00:00
2021-04-29,2021-04-29T11:51:59+00:00,2021-04-30T01:17:46+00:00,2021-04-29T18:34:53+00:00,48347,2021-04-29T11:27:28+00:00,2021-04-30T01:42:17+00:00,2021-04-29T10:56:38+00:00,2021-04-30T02:13:08+00:00,2021-04-29T10:24:31+00:00,2021-04-30T02:45:15+00:00
2021-04-30,2021-04-30T11:51:02+00:00,2021-05-01T01:18:29+00:00,2021-04-30T18:34:45+00:00,48447,2021-04-30T11:26:27+00:00,2021-05-01T01:43:03+00:00,2021-04-30T10:55:31+00:00,2021-05-01T02:13:59+00:00,2021-04-30T10:23:16+00:00,2021-05-01T02:46:14+00:00
2021-05-01,2021-05-01T11:50:05+00:00,2021-05-02T01:19:11+00:00,2021-05-01T18:34:38+00:00,48546,2021-05-01T11:25:27+00:00,2021-05-02T01:43:49+00:00,2021-05-01T10:54:26+00:00,2021-05-02T02:14:50+00:00,2021-05-01T10:22:03+00:00,2021-05-02T02:47:13+00:00
2021-05-02,2021-05-02T11:49:10+00:00,2021-05-03T01:19:54+00:00,2021-05-02T18:34:32+00:00,48644,2021-05-02T11:24:28+00:00,2021-05-03T01:44:35+00:00,2021-05-02T10:53:21+00:00,2021-05-03T02:15:42+00:00,2021-05-02T10:20:51+00:00,2021-05-03T02:48:12+00:00
2021-05-03,2021-05-03T11:48:15+00:00,2021-05-04T01:20:36+00:00,2021-05-03T18:34:26+00:00,48741,2021-05-03T11:23:30+00:00,2021-05-04T01:45:21+00:00,2021-05-03T10:52:17+00:00,2021-05-04T02:16:34+00:00,2021-05-03T10:19:39+00:00,2021-05-04T02:49:12+00:00
2021-05-04,2021-05-04T11:47:22+00:00,2021-05-05T01:21:18+00:00,2021-05-04T18:34:20+00:00,48836,2021-05-04T11:22:33+00:00,2021-05-05T01:46:07+00:00,2021-05-04T10:51:15+00:00,2021-05-05T02:17:25+00:00,2021-05-04T10:18:29+00:00,2021-05-05T02:50:11+00:00
2021-05-05,2021-05-05T11:46:29+00:00,2021-05-06T01:22:01+00:00,2021-05-05T18:34:15+00:00,48932,2021-05-05T11:21:37+00:00,2021-05-06T01:46:53+00:00,2021-05-05T10:50:13+00:00,2021-05-06T02:18:17+00:00,2021-05-05T10:17:19+00:00,2021-05-06T02:51:11+00:00
2021-05-06,2021-05-06T11:45:38+00:00,2021-05-07T01:22:43+00:00,2021-05-06T18:34:11+00:00,49025,2021-05-06T11:20:42+00:00,2021-05-07T01:47:39+00:00,2021-05-06T10:49:13+00:00,2021-05-07T02:19:09+00:00,2021-05-06T10:16:11+00:00,2021-05-07T02:52:11+00:00
2021-05-07,2021-05-07T11:44:49+00:00,2021-05-08T01:23:26+00:00,2021-05-07T18:34:07+00:00,49117,2021-05-07T11:19:49+00:00,2021-05-08T01:48:25+00:00,2021-05-07T10:48:13+00:00,2021-05-08T02:20:01+00:00,2021-05-07T10:15:04+00:00,2021-05-08T02:53:11+00:00
2021-05-08,2021-05-08T11:44:00+00:00,2021-05-09T01:24:08+00:00,2021-05-08T18:34:04+00:00,49208,2021-05-08T11:18:57+00:00,2021-05-09T01:49:11+00:00,2021-05-08T10:47:15+00:00,2021-05-09T02:20:52+00:00,2021-05-08T10:13:58+00:00,2021-05-09T02:54:10+00:00
2021-05-09,2021-05-09T11:43:12+00:00,2021-05-10T01:24:50+00:00,2021-05-09T18:34:01+00:00,49298,2021-05-09T11:18:05+00:00,2021-05-10T01:49:57+00:00,2021-05-09T10:46:18+00:00,2021-05-10T02:21:44+00:00,2021-05-09T10:12:53+00:00,2021-05-10T02:55:10+00:00
2021-05-10,2021-05-10T11:42:26+00:00,2021-05-11T01:25:32+00:00,2021-05-10T18:33:59+00:00,49386,2021-05-10T11:17:15+00:00,2021-05-11T01:50:43+00:00,2021-05-10T10:45:23+00:00,2021-05-11T02:22:36+00:00,2021-05-10T10:11:49+00:00,2021-05-11T02:56:10+00:00
2021-05-11,2021-05-11T11:41:41+00:00,2021-05-12T01:26:15+00:00,2021-05-11T18:33:58+00:00,49474,2021-05-11T11:16:27+00:00,2021-05-12T01:51:29+00:00,2021-05-11T10:44:28+00:00,2021-05-12T02:23:27+00:00,2021-05-11T10:10:46+00:00,2021-05-12T02:57:09+00:00
2021-05-12,2021-05-12T11:40:57+00:00,2021-05-13T01:26:56+00:00,2021-05-12T18:33:57+00:00,49559,2021-05-12T11:15:39+00:00,2021-05-13T01:52:14+00:00,2021-05-12T10:43:35+00:00,2021-05-13T02:24:19+00:00,2021-05-12T10:09:45+00:00,2021-05-13T02:58:09+00:00
2021-05-13,2021-05-13T11:40:15+00:00,2021-05-14T01:27:38+00:00,2021-05-13T18:33:57+00:00,49643,2021-05-13T11:14:53+00:00,2021-05-14T01:53:00+00:00,2021-05-13T10:42:43+00:00,2021-05-14T02:25:10+00:00,2021-05-13T10:08:45+00:00,2021-05-14T02:59:08+00:00
2021-05-14,2021-05-14T11:39:34+00:00,2021-05-15T01:28:20+00:00,2021-05-14T18:33:57+00:00,49726,2021-05-14T11:14:09+00:00,2021-05-15T01:53:45+00:00,2021-05-14T10:41:53+00:00,2021-05-15T02:26:01+00:00,2021-05-14T10:07:47+00:00,2021-05-15T03:00:07+00:00
2021-05-15,2021-05-15T11:38:54+00:00,2021-05-16T01:29:01+00:00,2021-05-15T18:33:58+00:00,49807,2021-05-15T11:13:25+00:00,2021-05-16T01:54:30+00:00,2021-05-15T10:41:04+00:00,2021-05-16T02:26:51+00:00,2021-05-15T10:06:50+00:00,2021-05-16T03:01:05+00:00
2021-05-16,2021-05-16T11:38:15+00:00,2021-05-17T01:29:42+00:00,2021-05-16T18:33:59+00:00,49887,2021-05-16T11:12:43+00:00,2021-05-17T01:55:15+00:00,2021-05-16T10:40:16+00:00,2021-05-17T02:27:42+00:00,2021-05-16T10:05:54+00:00,2021-05-17T03:02:04+00:00
2021-05-17,2021-05-17T11:37:38+00:00,2021-05-18T01:30:23+00:00,2021-05-17T18:34:01+00:00,49965,2021-05-17T11:12:03+00:00,2021-05-18T01:55:59+00:00,2021-05-17T10:39:30+00:00,2021-05-18T02:28:32+00:00,2021-05-17T10:05:00+00:00,2021-05-18T03:03:02+00:00
2021-05-18,2021-05-18T11:37:03+00:00,2021-05-19T01:31:04+00:00,2021-05-18T18:34:03+00:00,50041,2021-05-18T11:11:23+00:00,2021-05-19T01:56:43+00:00,2021-05-18T10:38:45+00:00,2021-05-19T02:29:22+00:00,2021-05-18T10:04:07+00:00,2021-05-19T03:03:59+00:00
2021-05-19,2021-05-19T11:36:28+00:00,2021-05-20T01:31:44+00:00,2021-05-19T18:34:06+00:00,50116,2021-05-19T11:10:46+00:00,2021-05-20T01:57:27+00:00,2021-05-19T10:38:02+00:00,2021-05-20T02:30:11+00:00,2021-05-19T10:03:16+00:00,2021-05-20T03:04:56+00:00
2021-05-20,2021-05-20T11:35:55+00:00,2021-05-21T01:32:24+00:00,2021-05-20T18:34:10+00:00,50189,2021-05-20T11:10:09+00:00,2021-05-21T01:58:11+00:00,2021-05-20T10:37:20+00:00,2021-05-21T02:31:00+00:00,2021-05-20T10:02:27+00:00,2021-05-21T03:05:53+00:00
2021-05-21,2021-05-21T11:35:24+00:00,2021-05-22T01:33:04+00:00,2021-05-21T18:34:14+00:00,50260,2021-05-21T11:09:34+00:00,2021-05-22T01:58:54+00:00,2021-05-21T10:36:40+00:00,2021-05-22T02:31:48+00:00,2021-05-21T10:01:39+00:00,2021-05-22T03:06:49+00:00
2021-05-22,2021-05-22T11:34:54+00:00,2021-05-23T01:33:43+00:00,2021-05-22T18:34:19+00:00,50329,2021-05-22T11:09:01+00:00,2021-05-23T01:59:36+00:00,2021-05-22T10:36:01+00:00,2021-05-23T02:32:36+00:00,2021-05-22T10:00:53+00:00,2021-05-23T03:07:44+00:00
2021-05-23,2021-05-23T11:34:25+00:00,2021-05-24T01:34:22+00:00,2021-05-23T18:34:24+00:00,50397,2021-05-23T11:08:29+00:00,2021-05-24T02:00:18+00:00,2021-05-23T10:35:24+00:00,2021-05-24T02:33:23+00:00,2021-05-23T10:00:08+00:00,2021-05-24T03:08:39+00:00
2021-05-24,2021-05-24T11:33:58+00:00,2021-05-25T01:35:01+00:00,2021-05-24T18:34:29+00:00,50463,2021-05-24T11:07:59+00:00,2021-05-25T02:01:00+00:00,2021-05-24T10:34:49+00:00,2021-05-25T02:34:10+00:00,2021-05-24T09:59:26+00:00,2021-05-25T03:09:33+00:00
2021-05-25,2021-05-25T11:33:33+00:00,2021-05-26T01:35:39+00:00,2021-05-25T18:34:36+00:00,50526,2021-05-25T11:07:30+00:00,2021-05-26T02:01:41+00:00,2021-05-25T10:34:15+00:00,2021-05-26T02:34:56+00:00,2021-05-25T09:58:45+00:00,2021-05-26T03:10:26+00:00
2021-05-26,2021-05-26T11:33:08+00:00,2021-05-27T01:36:16+00:00,2021-05-26T18:34:42+00:00,50588,2021-05-26T11:07:03+00:00,2021-05-27T02:02:21+00:00,2021-05-26T10:33:43+00:00,2021-05-27T02:35:42+00:00,2021-05-26T09:58:06+00:00,2021-05-27T03:11:19+00:00
2021-05-27,2021-05-27T11:32:46+00:00,2021-05-28T01:36:53+00:00,2021-05-27T18:34:49+00:00,50647,2021-05-27T11:06:37+00:00,2021-05-28T02:03:01+00:00,2021-05-27T10:33:12+00:00,2021-05-28T02:36:26+00:00,2021-05-27T09:57:28+00:00,2021-05-28T03:12:10+00:00
2021-05-28,2021-05-28T11:32:25+00:00,2021-05-29T01:37:29+00:00,2021-05-28T18:34:57+00:00,50704,2021-05-28T11:06:13+00:00,2021-05-29T02:03:41+00:00,2021-05-28T10:32:44+00:00,2021-05-29T02:37:10+00:00,2021-05-28T09:56:53+00:00,2021-05-29T03:13:01+00:00
2021-05-29,2021-05-29T11:32:05+00:00,2021-05-30T01:38:05+00:00,2021-05-29T18:35:05+00:00,50760,2021-05-29T11:05:51+00:00,2021-05-30T02:04:19+00:00,2021-05-29T10:32:17+00:00,2021-05-30T02:37:53+00:00,2021-05-29T09:56:19+00:00,2021-05-30T03:13:50+00:00
2021-05-30,2021-05-30T11:31:47+00:00,2021-05-31T01:38:40+00:00,2021-05-30T18:35:13+00:00,50813,2021-05-30T11:05:30+00:00,2021-05-31T02:04:57+00:00,2021-05-30T10:31:51+00:00,2021-05-31T02:38:35+00:00,2021-05-30T09:55:48+00:00,2021-05-31T03:14:39+00:00
2021-05-31,2021-05-31T11:31:30+00:00,2021-06-01T01:39:14+00:00,2021-05-31T18:35:22+00:00,50864,2021-05-31T11:05:10+00:00,2021-06-01T02:05:34+00:00,2021-05-31T10:31:28+00:00,2021-06-01T02:39:17+00:00,2021-05-31T09:55:18+00:00,2021-06-01T03:15:26+00:00
2021-06-01,2021-06-01T11:31:15+00:00,2021-06-02T01:39:48+00:00,2021-06-01T18:35:31+00:00,50913,2021-06-01T11:04:53+00:00,2021-06-02T02:06:10+00:00,2021-06-01T10:31:06+00:00,2021-06-02T02:39:57+00:00,2021-06-01T09:54:50+00:00,2021-06-02T03:16:13+00:00
2021-06-02,2021-06-02T11:31:01+00:00,2021-06-03T01:40:21+00:00,2021-06-02T18:35:41+00:00,50960,2021-06-02T11:04:36+00:00,2021-06-03T02:06:46+00:00,2021-06-02T10:30:46+00:00,2021-06-03T02:40:36+00:00,2021-06-02T09:54:24+00:00,2021-06-03T03:16:58+00:00
2021-06-03,2021-06-03T11:30:49+00:00,2021-06-04T01:40:53+00:00,2021-06-03T18:35:51+00:00,51004,2021-06-03T11:04:22+00:00,2021-06-04T02:07:20+00:00,2021-06-03T10:30:27+00:00,2021-06-04T02:41:15+00:00,2021-06-03T09:54:01+00:00,2021-06-04T03:17:42+00:00
2021-06-04,2021-06-04T11:30:38+00:00,2021-06-05T01:41:25+00:00,2021-06-04T18:36:01+00:00,51047,2021-06-04T11:04:09+00:00,2021-06-05T02:07:54+00:00,2021-06-04T10:30:11+00:00,2021-06-05T02:41:52+00:00,2021-06-04T09:53:39+00:00,2021-06-05T03:18:24+00:00
2021-06-05,2021-06-05T11:30:29+00:00,2021-06-06T01:41:55+00:00,2021-06-05T18:36:12+00:00,51086,2021-06-05T11:03:58+00:00,2021-06-06T02:08:27+00:00,2021-06-05T10:29:56+00:00,2021-06-06T02:42:28+00:00,2021-06-05T09:53:19+00:00,2021-06-06T03:19:05+00:00
2021-06-06,2021-06-06T11:30:21+00:00,2021-06-07T01:42:25+00:00,2021-06-06T18:36:23+00:00,51124,2021-06-06T11:03:48+00:00,2021-06-07T02:08:58+00:00,2021-06-06T10:29:43+00:00,2021-06-07T02:43:03+00:00,2021-06-06T09:53:02+00:00,2021-06-07T03:19:45+00:00
2021-06-07,2021-06-07T11:30:15+00:00,2021-06-08T01:42:54+00:00,2021-06-07T18:36:34+00:00,51159,2021-06-07T11:03:40+00:00,2021-06-08T02:09:29+00:00,2021-06-07T10:29:32+00:00,2021-06-08T02:43:37+00:00,2021-06-07T09:52:46+00:00,2021-06-08T03:20:23+00:00
2021-06-08,2021-06-08T11:30:10+00:00,2021-06-09T01:43:22+00:00,2021-06-08T18:36:46+00:00,51192,2021-06-08T11:03:33+00:00,2021-06-09T02:09:59+00:00,2021-06-08T10:29:23+00:00,2021-06-09T02:44:09+00:00,2021-06-08T09:52:32+00:00,2021-06-09T03:20:59+00:00
2021-06-09,2021-06-09T11:30:07+00:00,2021-06-10T01:43:48+00:00,2021-06-09T18:36:58+00:00,51221,2021-06-09T11:03:28+00:00,2021-06-10T02:10:27+00:00,2021-06-09T10:29:15+00:00,2021-06-10T02:44:40+00:00,2021-06-09T09:52:21+00:00,2021-06-10T03:21:35+00:00
2021-06-10,2021-06-10T11:30:05+00:00,2021-06-11T01:44:14+00:00,2021-06-10T18:37:10+00:00,51249,2021-06-10T11:03:25+00:00,2021-06-11T02:10:54+00:00,2021-06-10T10:29:09+00:00,2021-06-11T02:45:10+00:00,2021-06-10T09:52:12+00:00,2021-06-11T03:22:08+00:00
2021-06-11,2021-06-11T11:30:05+00:00,2021-06-12T01:44:39+00:00,2021-06-11T18:37:22+00:00,51274,2021-06-11T11:03:23+00:00,2021-06-12T02:11:21+00:00,2021-06-11T10:29:05+00:00,2021-06-12T02:45:39+00:00,2021-06-11T09:52:04+00:00,2021-06-12T03:22:40+00:00
2021-06-12,2021-06-12T11:30:06+00:00,2021-06-13T01:45:03+00:00,2021-06-12T18:37:34+00:00,51297,2021-06-12T11:03:23+00:00,2021-06-13T02:11:46+00:00,2021-06-12T10:29:03+00:00,2021-06-13T02:46:06+00:00,2021-06-12T09:51:59+00:00,2021-06-13T03:23:10+00:00
2021-06-13,2021-06-13T11:30:09+00:00,2021-06-14T01:45:26+00:00,2021-06-13T18:37:47+00:00,51317,2021-06-13T11:03:25+00:00,2021-06-14T02:12:10+00:00,2021-06-13T10:29:03+00:00,2021-06-14T02:46:31+00:00,2021-06-13T09:51:56+00:00,2021-06-14T03:23:38+00:00
2021-06-14,2021-06-14T11:30:12+00:00,2021-06-15T01:45:47+00:00,2021-06-14T18:38:00+00:00,51335,2021-06-14T11:03:28+00:00,2021-06-15T02:12:32+00:00,2021-06-14T10:29:04+00:00,2021-06-15T02:46:55+00:00,2021-06-14T09:51:55+00:00,2021-06-15T03:24:04+00:00
2021-06-15,2021-06-15T11:30:18+00:00,2021-06-16T01:46:07+00:00,2021-06-15T18:38:13+00:00,51349,2021-06-15T11:03:32+00:00,2021-06-16T02:12:53+00:00,2021-06-15T10:29:07+00:00,2021-06-16T02:47:18+00:00,2021-06-15T09:51:56+00:00,2021-06-16T03:24:29+00:00
2021-06-16,2021-06-16T11:30:24+00:00,2021-06-17T01:46:27+00:00,2021-06-16T18:38:26+00:00,51363,2021-06-16T11:03:38+00:00,2021-06-17T02:13:13+00:00,2021-06-16T10:29:12+00:00,2021-06-17T02:47:39+00:00,2021-06-16T09:52:00+00:00,2021-06-17T03:24:51+00:00
2021-06-17,2021-06-17T11:30:33+00:00,2021-06-18T01:46:45+00:00,2021-06-17T18:38:39+00:00,51372,2021-06-17T11:03:45+00:00,2021-06-18T02:13:32+00:00,2021-06-17T10:29:19+00:00,2021-06-18T02:47:58+00:00,2021-06-17T09:52:05+00:00,2021-06-18T03:25:12+00:00
2021-06-18,2021-06-18T11:30:42+00:00,2021-06-19T01:47:01+00:00,2021-06-18T18:38:52+00:00,51379,2021-06-18T11:03:54+00:00,2021-06-19T02:13:49+00:00,2021-06-18T10:29:27+00:00,2021-06-19T02:48:16+00:00,2021-06-18T09:52:12+00:00,2021-06-19T03:25:31+00:00
2021-06-19,2021-06-19T11:30:53+00:00,2021-06-20T01:47:17+00:00,2021-06-19T18:39:05+00:00,51384,2021-06-19T11:04:05+00:00,2021-06-20T02:14:05+00:00,2021-06-19T10:29:37+00:00,2021-06-20T02:48:32+00:00,2021-06-19T09:52:22+00:00,2021-06-20T03:25:48+00:00
2021-06-20,2021-06-20T11:31:05+00:00,2021-06-21T01:47:31+00:00,2021-06-20T18:39:18+00:00,51386,2021-06-20T11:04:17+00:00,2021-06-21T02:14:19+00:00,2021-06-20T10:29:49+00:00,2021-06-21T02:48:47+00:00,2021-06-20T09:52:33+00:00,2021-06-21T03:26:03+00:00
2021-06-21,2021-06-21T11:31:18+00:00,2021-06-22T01:47:44+00:00,2021-06-21T18:39:31+00:00,51386,2021-06-21T11:04:30+00:00,2021-06-22T02:14:32+00:00,2021-06-21T10:30:02+00:00,2021-06-22T02:49:00+00:00,2021-06-21T09:52:46+00:00,2021-06-22T03:26:15+00:00
2021-06-22,2021-06-22T11:31:32+00:00,2021-06-23T01:47:55+00:00,2021-06-22T18:39:44+00:00,51383,2021-06-22T11:04:45+00:00,2021-06-23T02:14:43+00:00,2021-06-22T10:30:17+00:00,2021-06-23T02:49:11+00:00,2021-06-22T09:53:02+00:00,2021-06-23T03:26:26+00:00
2021-06-23,2021-06-23T11:31:48+00:00,2021-06-24T01:48:06+00:00,2021-06-23T18:39:57+00:00,51378,2021-06-23T11:05:01+00:00,2021-06-24T02:14:53+00:00,2021-06-23T10:30:33+00:00,2021-06-24T02:49:20+00:00,2021-06-23T09:53:19+00:00,2021-06-24T03:26:35+00:00
2021-06-24,2021-06-24T11:32:05+00:00,2021-06-25T01:48:14+00:00,2021-06-24T18:40:10+00:00,51369,2021-06-24T11:05:18+00:00,2021-06-25T02:15:01+00:00,2021-06-24T10:30:52+00:00,2021-06-25T02:49:28+00:00,2021-06-24T09:53:38+00:00,2021-06-25T03:26:41+00:00
2021-06-25,2021-06-25T11:32:23+00:00,2021-06-26T01:48:22+00:00,2021-06-25T18:40:22+00:00,51359,2021-06-25T11:05:37+00:00,2021-06-26T02:15:08+00:00,2021-06-25T10:31:11+00:00,2021-06-26T02:49:34+00:00,2021-06-25T09:53:59+00:00,2021-06-26T03:26:46+00:00
2021-06-26,2021-06-26T11:32:42+00:00,2021-06-27T01:48:28+00:00,2021-06-26T18:40:35+00:00,51346,2021-06-26T11:05:57+00:00,2021-06-27T02:15:13+00:00,2021-06-26T10:31:32+00:00,2021-06-27T02:49:38+00:00,2021-06-26T09:54:22+00:00,2021-06-27T03:26:48+00:00
2021-06-27,2021-06-27T11:33:02+00:00,2021-06-28T01:48:32+00:00,2021-06-27T18:40:47+00:00,51330,2021-06-27T11:06:18+00:00,2021-06-28T02:15:17+00:00,2021-06-27T10:31:55+00:00,2021-06-28T02:49:40+00:00,2021-06-27T09:54:46+00:00,2021-06-28T03:26:48+00:00
2021-06-28,2021-06-28T11:33:24+00:00,2021-06-29T01:48:35+00:00,2021-06-28T18:41:00+00:00,51311,2021-06-28T11:06:40+00:00,2021-06-29T02:15:19+00:00,2021-06-28T10:32:19+00:00,2021-06-29T02:49:40+00:00,2021-06-28T09:55:13+00:00,2021-06-29T03:26:46+00:00
2021-06-29,2021-06-29T11:33:46+00:00,2021-06-30T01:48:37+00:00,2021-06-29T18:41:12+00:00,51291,2021-06-29T11:07:04+00:00,2021-06-30T02:15:20+00:00,2021-06-29T10:32:44+00:00,2021-06-30T02:49:39+00:00,2021-06-29T09:55:41+00:00,2021-06-30T03:26:42+00:00
2021-06-30,2021-06-30T11:34:10+00:00,2021-07-01T01:48:37+00:00,2021-06-30T18:41:23+00:00,51267,2021-06-30T11:07:28+00:00,2021-07-01T02:15:19+00:00,2021-06-30T10:33:11+00:00,2021-07-01T02:49:36+00:00,2021-06-30T09:56:11+00:00,2021-07-01T03:26:36+00:00
2021-07-01,2021-07-01T11:34:34+00:00,2021-07-02T01:48:36+00:00,2021-07-01T18:41:35+00:00,51242,2021-07-01T11:07:54+00:00,2021-07-02T02:15:16+00:00,2021-07-01T10:33:39+00:00,2021-07-02T02:49:31+00:00,2021-07-01T09:56:42+00:00,2021-07-02T03:26:28+00:00
2021-07-02,2021-07-02T11:35:00+00:00,2021-07-03T01:48:33+00:00,2021-07-02T18:41:46+00:00,51213,2021-07-02T11:08:21+00:00,2021-07-03T02:15:11+00:00,2021-07-02T10:34:09+00:00,2021-07-03T02:49:24+00:00,2021-07-02T09:57:15+00:00,2021-07-03T03:26:17+00:00
2021-07-03,2021-07-03T11:35:26+00:00,2021-07-04T01:48:29+00:00,2021-07-03T18:41:57+00:00,51183,2021-07-03T11:08:49+00:00,2021-07-04T02:15:05+00:00,2021-07-03T10:34:39+00:00,2021-07-04T02:49:15+00:00,2021-07-03T09:57:50+00:00,2021-07-04T03:26:04+00:00
2021-07-04,2021-07-04T11:35:53+00:00,2021-07-05T01:48:23+00:00,2021-07-04T18:42:08+00:00,51150,2021-07-04T11:09:18+00:00,2021-07-05T02:14:58+00:00,2021-07-04T10:35:11+00:00,2021-07-05T02:49:05+00:00,2021-07-04T09:58:26+00:00,2021-07-05T03:25:50+00:00
2021-07-05,2021-07-05T11:36:21+00:00,2021-07-06T01:48:15+00:00,2021-07-05T18:42:18+00:00,51114,2021-07-05T11:09:48+00:00,2021-07-06T02:14:48+00:00,2021-07-05T10:35:44+00:00,2021-07-06T02:48:52+00:00,2021-07-05T09:59:04+00:00,2021-07-06T03:25:33+00:00
2021-07-06,2021-07-06T11:36:50+00:00,2021-07-07T01:48:06+00:00,2021-07-06T18:42:28+00:00,51076,2021-07-06T11:10:19+00:00,2021-07-07T02:14:37+00:00,2021-07-06T10:36:18+00:00,2021-07-07T02:48:38+00:00,2021-07-06T09:59:43+00:00,2021-07-07T03:25:14+00:00
2021-07-07,2021-07-07T11:37:20+00:00,2021-07-08T01:47:56+00:00,2021-07-07T18:42:38+00:00,51036,2021-07-07T11:10:51+00:00,2021-07-08T02:14:25+00:00,2021-07-07T10:36:54+00:00,2021-07-08T02:48:22+00:00,2021-07-07T10:00:23+00:00,2021-07-08T03:24:53+00:00
2021-07-08,2021-07-08T11:37:50+00:00,2021-07-09T01:47:44+00:00,2021-07-08T18:42:47+00:00,50994,2021-07-08T11:11:23+00:00,2021-07-09T02:14:10+00:00,2021-07-08T10:37:30+00:00,2021-07-09T02:48:04+00:00,2021-07-08T10:01:04+00:00,2021-07-09T03:24:29+00:00
2021-07-09,2021-07-09T11:38:21+00:00,2021-07-10T01:47:30+00:00,2021-07-09T18:42:56+00:00,50949,2021-07-09T11:11:57+00:00,2021-07-10T02:13:54+00:00,2021-07-09T10:38:07+00:00,2021-07-10T02:47:44+00:00,2021-07-09T10:01:47+00:00,2021-07-10T03:24:04+00:00
2021-07-10,2021-07-10T11:38:53+00:00,2021-07-11T01:47:15+00:00,2021-07-10T18:43:04+00:00,50902,2021-07-10T11:12:31+00:00,2021-07-11T02:13:37+00:00,2021-07-10T10:38:45+00:00,2021-07-11T02:47:23+00:00,2021-07-10T10:02:31+00:00,2021-07-11T03:23:37+00:00
2021-07-11,2021-07-11T11:39:26+00:00,2021-07-12T01:46:58+00:00,2021-07-11T18:43:12+00:00,50852,2021-07-11T11:13:06+00:00,2021-07-12T02:13:18+00:00,2021-07-11T10:39:25+00:00,2021-07-12T02:46:59+00:00,2021-07-11T10:03:16+00:00,2021-07-12T03:23:08+00:00
2021-07-12,2021-07-12T11:39:59+00:00,2021-07-13T01:46:40+00:00,2021-07-12T18:43:19+00:00,50801,2021-07-12T11:13:42+00:00,2021-07-13T02:12:57+00:00,2021-07-12T10:40:05+00:00,2021-07-13T02:46:34+00:00,2021-07-12T10:04:02+00:00,2021-07-13T03:22:36+00:00
2021-07-13,2021-07-13T11:40:32+00:00,2021-07-14T01:46:20+00:00,2021-07-13T18:43:26+00:00,50748,2021-07-13T11:14:19+00:00,2021-07-14T02:12:34+00:00,2021-07-13T10:40:45+00:00,2021-07-14T02:46:07+00:00,2021-07-13T10:04:50+00:00,2021-07-14T03:22:03+00:00
2021-07-14,2021-07-14T11:41:07+00:00,2021-07-15T01:45:59+00:00,2021-07-14T18:43:33+00:00,50692,2021-07-14T11:14:56+00:00,2021-07-15T02:12:10+00:00,2021-07-14T10:41:27+00:00,2021-07-15T02:45:39+00:00,2021-07-14T10:05:38+00:00,2021-07-15T03:21:28+00:00
2021-07-15,2021-07-15T11:41:42+00:00,2021-07-16T01:45:36+00:00,2021-07-15T18:43:39+00:00,50634,2021-07-15T11:15:33+00:00,2021-07-16T02:11:44+00:00,2021-07-15T10:42:09+00:00,2021-07-16T02:45:08+00:00,2021-07-15T10:06:27+00:00,2021-07-16T03:20:51+00:00
2021-07-16,2021-07-16T11:42:17+00:00,2021-07-17T01:45:12+00:00,2021-07-16T18:43:44+00:00,50575,2021-07-16T11:16:12+00:00,2021-07-17T02:11:17+00:00,2021-07-16T10:42:52+00:00,2021-07-17T02:44:36+00:00,2021-07-16T10:07:17+00:00,2021-07-17T03:20:12+00:00
2021-07-17,2021-07-17T11:42:53+00:00,2021-07-18T01:44:46+00:00,2021-07-17T18:43:49+00:00,50513,2021-07-17T11:16:50+00:00,2021-07-18T02:10:48+00:00,2021-07-17T10:43:36+00:00,2021-07-18T02:44:02+00:00,2021-07-17T10:08:07+00:00,2021-07-18T03:19:31+00:00
2021-07-18,2021-07-18T11:43:29+00:00,2021-07-19T01:44:19+00:00,2021-07-18T18:43:54+00:00,50450,2021-07-18T11:17:30+00:00,2021-07-19T02:10:18+00:00,2021-07-18T10:44:20+00:00,2021-07-19T02:43:27+00:00,2021-07-18T10:08:59+00:00,2021-07-19T03:18:49+00:00
2021-07-19,2021-07-19T11:44:05+00:00,2021-07-20T01:43:50+00:00,2021-07-19T18:43:58+00:00,50385,2021-07-19T11:18:09+00:00,2021-07-20T02:09:46+00:00,2021-07-19T10:45:05+00:00,2021-07-20T02:42:50+00:00,2021-07-19T10:09:51+00:00,2021-07-20T03:18:04+00:00
2021-07-20,2021-07-20T11:44:42+00:00,2021-07-21T01:43:19+00:00,2021-07-20T18:44:01+00:00,50317,2021-07-20T11:18:50+00:00,2021-07-21T02:09:12+00:00,2021-07-20T10:45:51+00:00,2021-07-21T02:42:11+00:00,2021-07-20T10:10:44+00:00,2021-07-21T03:17:18+00:00
2021-07-21,2021-07-21T11:45:20+00:00,2021-07-22T01:42:48+00:00,2021-07-21T18:44:04+00:00,50248,2021-07-21T11:19:30+00:00,2021-07-22T02:08:37+00:00,2021-07-21T10:46:37+00:00,2021-07-22T02:41:31+00:00,2021-07-21T10:11:37+00:00,2021-07-22T03:16:30+00:00
2021-07-22,2021-07-22T11:45:57+00:00,2021-07-23T01:42:14+00:00,2021-07-22T18:44:06+00:00,50177,2021-07-22T11:20:11+00:00,2021-07-23T02:08:00+00:00,2021-07-22T10:47:23+00:00,2021-07-23T02:40:49+00:00,2021-07-22T10:12:31+00:00,2021-07-23T03:15:41+00:00
2021-07-23,2021-07-23T11:46:35+00:00,2021-07-24T01:41:40+00:00,2021-07-23T18:44:07+00:00,50105,2021-07-23T11:20:52+00:00,2021-07-24T02:07:22+00:00,2021-07-23T10:48:09+00:00,2021-07-24T02:40:05+00:00,2021-07-23T10:13:25+00:00,2021-07-24T03:14:50+00:00
2021-07-24,2021-07-24T11:47:13+00:00,2021-07-25T01:41:03+00:00,2021-07-24T18:44:08+00:00,50030,2021-07-24T11:21:34+00:00,2021-07-25T02:06:43+00:00,2021-07-24T10:48:57+00:00,2021-07-25T02:39:20+00:00,2021-07-24T10:14:20+00:00,2021-07-25T03:13:57+00:00
2021-07-25,2021-07-25T11:47:52+00:00,2021-07-26T01:40:26+00:00,2021-07-25T18:44:09+00:00,49954,2021-07-25T11:22:16+00:00,2021-07-26T02:06:02+00:00,2021-07-25T10:49:44+00:00,2021-07-26T02:38:34+00:00,2021-07-25T10:15:15+00:00,2021-07-26T03:13:02+00:00
2021-07-26,2021-07-26T11:48:30+00:00,2021-07-27T01:39:47+00:00,2021-07-26T18:44:09+00:00,49877,2021-07-26T11:22:58+00:00,2021-07-27T02:05:19+00:00,2021-07-26T10:50:32+00:00,2021-07-27T02:37:46+00:00,2021-07-26T10:16:11+00:00,2021-07-27T03:12:07+00:00
2021-07-27,2021-07-27T11:49:09+00:00,2021-07-28T01:39:07+00:00,2021-07-27T18:44:08+00:00,49798,2021-07-27T11:23:40+00:00,2021-07-28T02:04:35+00:00,2021-07-27T10:51:20+00:00,2021-07-28T02:36:56+00:00,2021-07-27T10:17:06+00:00,2021-07-28T03:11:09+00:00
2021-07-28,2021-07-28T11:49:48+00:00,2021-07-29T01:38:25+00:00,2021-07-28T18:44:06+00:00,49717,2021-07-28T11:24:23+00:00,2021-07-29T02:03:50+00:00,2021-07-28T10:52:08+00:00,2021-07-29T02:36:05+00:00,2021-07-28T10:18:02+00:00,2021-07-29T03:10:10+00:00
2021-07-29,2021-07-29T11:50:27+00:00,2021-07-30T01:37:42+00:00,2021-07-29T18:44:04+00:00,49635,2021-07-29T11:25:05+00:00,2021-07-30T02:03:03+00:00,2021-07-29T10:52:56+00:00,2021-07-30T02:35:13+00:00,2021-07-29T10:18:59+00:00,2021-07-30T03:09:10+00:00
2021-07-30,2021-07-30T11:51:06+00:00,2021-07-31T01:36:57+00:00,2021-07-30T18:44:02+00:00,49551,2021-07-30T11:25:48+00:00,2021-07-31T02:02:15+00:00,2021-07-30T10:53:44+00:00,2021-07-31T02:34:19+00:00,2021-07-30T10:19:55+00:00,2021-07-31T03:08:08+00:00
2021-07-31,2021-07-31T11:51:45+00:00,2021-08-01T01:36:12+00:00,2021-07-31T18:43:59+00:00,49467,2021-07-31T11:26:31+00:00,2021-08-01T02:01:26+00:00,2021-07-31T10:54:33+00:00,2021-08-01T02:33:24+00:00,2021-07-31T10:20:52+00:00,2021-08-01T03:07:05+00:00
2021-08-01,2021-08-01T11:52:25+00:00,2021-08-02T01:35:25+00:00,2021-08-01T18:43:55+00:00,49380,2021-08-01T11:27:14+00:00,2021-08-02T02:00:35+00:00,2021-08-01T10:55:22+00:00,2021-08-02T02:32:28+00:00,2021-08-01T10:21:48+00:00,2021-08-02T03:06:01+00:00
2021-08-02,2021-08-02T11:53:04+00:00,2021-08-03T01:34:37+00:00,2021-08-02T18:43:50+00:00,49293,2021-08-02T11:27:57+00:00,2021-08-03T01:59:44+00:00,2021-08-02T10:56:10+00:00,2021-08-03T02:31:30+00:00,2021-08-02T10:22:45+00:00,2021-08-03T03:04:56+00:00
2021-08-03,2021-08-03T11:53:44+00:00,2021-08-04T01:33:47+00:00,2021-08-03T18:43:45+00:00,49203,2021-08-03T11:28:40+00:00,2021-08-04T01:58:51+00:00,2021-08-03T10:56:59+00:00,2021-08-04T02:30:31+00:00,2021-08-03T10:23:42+00:00,2021-08-04T03:03:49+00:00
2021-08-04,2021-08-04T11:54:23+00:00,2021-08-05T01:32:56+00:00,2021-08-04T18:43:40+00:00,49113,2021-08-04T11:29:23+00:00,2021-08-05T01:57:56+00:00,2021-08-04T10:57:48+00:00,2021-08-05T02:29:31+00:00,2021-08-04T10:24:38+00:00,2021-08-05T03:02:41+00:00
2021-08-05,2021-08-05T11:55:02+00:00,2021-08-06T01:32:04+00:00,2021-08-05T18:43:33+00:00,49022,2021-08-05T11:30:06+00:00,2021-08-06T01:57:01+00:00,2021-08-05T10:58:37+00:00,2021-08-06T02:28:30+00:00,2021-08-05T10:25:35+00:00,2021-08-06T03:01:32+00:00
2021-08-06,2021-08-06T11:55:42+00:00,2021-08-07T01:31:11+00:00,2021-08-06T18:43:27+00:00,48929,2021-08-06T11:30:49+00:00,2021-08-07T01:56:04+00:00,2021-08-06T10:59:25+00:00,2021-08-07T02:27:28+00:00,2021-08-06T10:26:31+00:00,2021-08-07T03:00:22+00:00
2021-08-07,2021-08-07T11:56:21+00:00,2021-08-08T01:30:17+00:00,2021-08-07T18:43:19+00:00,48836,2021-08-07T11:31:32+00:00,2021-08-08T01:55:06+00:00,2021-08-07T11:00:14+00:00,2021-08-08T02:26:24+00:00,2021-08-07T10:27:28+00:00,2021-08-08T02:59:10+00:00
2021-08-08,2021-08-08T11:57:01+00:00,2021-08-09T01:29:22+00:00,2021-08-08T18:43:11+00:00,48741,2021-08-08T11:32:15+00:00,2021-08-09T01:54:07+00:00,2021-08-08T11:01:02+00:00,2021-08-09T02:25:20+00:00,2021-08-08T10:28:24+00:00,2021-08-09T02:57:58+00:00
2021-08-09,2021-08-09T11:57:40+00:00,2021-08-10T01:28:25+00:00,2021-08-09T18:43:03+00:00,48645,2021-08-09T11:32:58+00:00,2021-08-10T01:53:07+00:00,2021-08-09T11:01:51+00:00,2021-08-10T02:24:14+00:00,2021-08-09T10:29:20+00:00,2021-08-10T02:56:45+00:00
2021-08-10,2021-08-10T11:58:19+00:00,2021-08-11T01:27:28+00:00,2021-08-10T18:42:53+00:00,48549,2021-08-10T11:33:41+00:00,2021-08-11T01:52:06+00:00,2021-08-10T11:02:39+00:00,2021-08-11T02:23:08+00:00,2021-08-10T10:30:16+00:00,2021-08-11T02:55:31+00:00
2021-08-11,2021-08-11T11:58:58+00:00,2021-08-12T01:26:29+00:00,2021-08-11T18:42:44+00:00,48451,2021-08-11T11:34:23+00:00,2021-08-12T01:51:04+00:00,2021-08-11T11:03:27+00:00,2021-08-12T02:22:00+00:00,2021-08-11T10:31:12+00:00,2021-08-12T02:54:15+00:00
2021-08-12,2021-08-12T11:59:37+00:00,2021-08-13T01:25:29+00:00,2021-08-12T18:42:33+00:00,48352,2021-08-12T11:35:06+00:00,2021-08-13T01:50:01+00:00,2021-08-12T11:04:15+00:00,2021-08-13T02:20:51+00:00,2021-08-12T10:32:07+00:00,2021-08-13T02:52:59+00:00
2021-08-13,2021-08-13T12:00:16+00:00,2021-08-14T01:24:29+00:00,2021-08-13T18:42:22+00:00,48253,2021-08-13T11:35:48+00:00,2021-08-14T01:48:57+00:00,2021-08-13T11:05:03+00:00,2021-08-14T02:19:42+00:00,2021-08-13T10:33:02+00:00,2021-08-14T02:51:42+00:00
2021-08-14,2021-08-14T12:00:55+00:00,2021-08-15T01:23:27+00:00,2021-08-14T18:42:11+00:00,48152,2021-08-14T11:36:30+00:00,2021-08-15T01:47:52+00:00,2021-08-14T11:05:50+00:00,2021-08-15T02:18:32+00:00,2021-08-14T10:33:57+00:00,2021-08-15T02:50:25+00:00
2021-08-15,2021-08-15T12:01:34+00:00,2021-08-16T01:22:24+00:00,2021-08-15T18:41:59+00:00,48050,2021-08-15T11:37:12+00:00,2021-08-16T01:46:46+00:00,2021-08-15T11:06:38+00:00,2021-08-16T02:17:20+00:00,2021-08-15T10:34:52+00:00,2021-08-16T02:49:06+00:00
2021-08-16,2021-08-16T12:02:13+00:00,2021-08-17T01:21:21+00:00,2021-08-16T18:41:47+00:00,47948,2021-08-16T11:37:54+00:00,2021-08-17T01:45:39+00:00,2021-08-16T11:07:25+00:00,2021-08-17T02:16:08+00:00,2021-08-16T10:35:46+00:00,2021-08-17T02:47:47+00:00
2021-08-17,2021-08-17T12:02:51+00:00,2021-08-18T01:20:16+00:00,2021-08-17T18:41:34+00:00,47845,2021-08-17T11:38:36+00:00,2021-08-18T01:44:31+00:00,2021-08-17T11:08:12+00:00,2021-08-18T02:14:56+00:00,2021-08-17T10:36:40+00:00,2021-08-18T02:46:27+00:00
2021-08-18,2021-08-18T12:03:30+00:00,2021-08-19T01:19:11+00:00,2021-08-18T18:41:20+00:00,47741,2021-08-18T11:39:18+00:00,2021-08-19T01:43:23+00:00,2021-08-18T11:08:58+00:00,2021-08-19T02:13:42+00:00,2021-08-18T10:37:34+00:00,2021-08-19T02:45:07+00:00
2021-08-19,2021-08-19T12:04:08+00:00,2021-08-20T01:18:05+00:00,2021-08-19T18:41:06+00:00,47637,2021-08-19T11:39:59+00:00,2021-08-20T01:42:14+00:00,2021-08-19T11:09:45+00:00,2021-08-20T02:12:28+00:00,2021-08-19T10:38:27+00:00,2021-08-20T02:43:46+00:00
2021-08-20,2021-08-20T12:04:46+00:00,2021-08-21T01:16:58+00:00,2021-08-20T18:40:52+00:00,47532,2021-08-20T11:40:40+00:00,2021-08-21T01:41:03+00:00,2021-08-20T11:10:31+00:00,2021-08-21T02:11:13+00:00,2021-08-20T10:39:20+00:00,2021-08-21T02:42:24+00:00
2021-08-21,2021-08-21T12:05:24+00:00,2021-08-22T01:15:50+00:00,2021-08-21T18:40:37+00:00,47426,2021-08-21T11:41:21+00:00,2021-08-22T01:39:53+00:00,2021-08-21T11:11:17+00:00,2021-08-22T02:09:57+00:00,2021-08-21T10:40:12+00:00,2021-08-22T02:41:01+00:00
2021-08-22,2021-08-22T12:06:02+00:00,2021-08-23T01:14:41+00:00,2021-08-22T18:40:22+00:00,47319,2021-08-22T11:42:02+00:00,2021-08-23T01:38:41+00:00,2021-08-22T11:12:02+00:00,2021-08-23T02:08:41+00:00,2021-08-22T10:41:04+00:00,2021-08-23T02:39:39+00:00
2021-08-23,2021-08-23T12:06:40+00:00,2021-08-24T01:13:32+00:00,2021-08-23T18:40:06+00:00,47212,2021-08-23T11:42:43+00:00,2021-08-24T01:37:29+00:00,2021-08-23T11:12:48+00:00,2021-08-24T02:07:24+00:00,2021-08-23T10:41:56+00:00,2021-08-24T02:38:15+00:00
2021-08-24,2021-08-24T12:07:17+00:00,2021-08-25T01:12:22+00:00,2021-08-24T18:39:49+00:00,47105,2021-08-24T11:43:23+00:00,2021-08-25T01:36:16+00:00,2021-08-24T11:13:33+00:00,2021-08-25T02:06:06+00:00,2021-08-24T10:42:47+00:00,2021-08-25T02:36:51+00:00
2021-08-25,2021-08-25T12:07:55+00:00,2021-08-26T01:11:11+00:00,2021-08-25T18:39:33+00:00,46996,2021-08-25T11:44:03+00:00,2021-08-26T01:35:02+00:00,2021-08-25T11:14:18+00:00,2021-08-26T02:04:48+00:00,2021-08-25T10:43:38+00:00,2021-08-26T02:35:27+00:00
2021-08-26,2021-08-26T12:08:32+00:00,2021-08-27T01:10:00+00:00,2021-08-26T18:39:16+00:00,46888,2021-08-26T11:44:43+00:00,2021-08-27T01:33:48+00:00,2021-08-26T11:15:02+00:00,2021-08-27T02:03:30+00:00,2021-08-26T10:44:29+00:00,2021-08-27T02:34:03+00:00
2021-08-27,2021-08-27T12:09:09+00:00,2021-08-28T01:08:48+00:00,2021-08-27T18:38:58+00:00,46779,2021-08-27T11:45:23+00:00,2021-08-28T01:32:34+00:00,2021-08-27T11:15:46+00:00,2021-08-28T02:02:11+00:00,2021-08-27T10:45:19+00:00,2021-08-28T02:32:38+00:00
2021-08-28,2021-08-28T12:09:46+00:00,2021-08-29T01:07:35+00:00,2021-08-28T18:38:41+00:00,46669,2021-08-28T11:46:03+00:00,2021-08-29T01:31:18+00:00,2021-08-28T11:16:30+00:00,2021-08-29T02:00:51+00:00,2021-08-28T10:46:09+00:00,2021-08-29T02:31:12+00:00
2021-08-29,2021-08-29T12:10:23+00:00,2021-08-30T01:06:22+00:00,2021-08-29T18:38:22+00:00,46559,2021-08-29T11:46:42+00:00,2021-08-30T01:30:02+00:00,2021-08-29T11:17:14+00:00,2021-08-30T01:59:31+00:00,2021-08-29T10:46:58+00:00,2021-08-30T02:29:47+00:00
2021-08-30,2021-08-30T12:11:00+00:00,2021-08-31T01:05:08+00:00,2021-08-30T18:38:04+00:00,46448,2021-08-30T11:47:22+00:00,2021-08-31T01:28:46+00:00,2021-08-30T11:17:57+00:00,2021-08-31T01:58:11+00:00,2021-08-30T10:47:47+00:00,2021-08-31T02:28:21+00:00
2021-08-31,2021-08-31T12:11:37+00:00,2021-09-01T01:03:53+00:00,2021-08-31T18:37:45+00:00,46336,2021-08-31T11:48:01+00:00,2021-09-01T01:27:30+00:00,2021-08-31T11:18:40+00:00,2021-09-01T01:56:50+00:00,2021-08-31T10:48:35+00:00,2021-09-01T02:26:55+00:00
2021-09-01,2021-09-01T12:12:14+00:00,2021-09-02T01:02:39+00:00,2021-09-01T18:37:26+00:00,46225,2021-09-01T11:48:40+00:00,2021-09-02T01:26:12+00:00,2021-09-01T11:19:23+00:00,2021-09-02T01:55:29+00:00,2021-09-01T10:49:23+00:00,2021-09-02T02:25:29+00:00
2021-09-02,2021-09-02T12:12:50+00:00,2021-09-03T01:01:23+00:00,2021-09-02T18:37:07+00:00,46113,2021-09-02T11:49:19+00:00,2021-09-03T01:24:55+00:00,2021-09-02T11:20:05+00:00,2021-09-03T01:54:08+00:00,2021-09-02T10:50:11+00:00,2021-09-03T02:24:02+00:00
2021-09-03,2021-09-03T12:13:27+00:00,2021-09-04T01:00:07+00:00,2021-09-03T18:36:47+00:00,46000,2021-09-03T11:49:57+00:00,2021-09-04T01:23:37+00:00,2021-09-03T11:20:47+00:00,2021-09-04T01:52:47+00:00,2021-09-03T10:50:58+00:00,2021-09-04T02:22:36+00:00
2021-09-04,2021-09-04T12:14:03+00:00,2021-09-05T00:58:51+00:00,2021-09-04T18:36:27+00:00,45888,2021-09-04T11:50:36+00:00,2021-09-05T01:22:19+00:00,2021-09-04T11:21:29+00:00,2021-09-05T01:51:25+00:00,2021-09-04T10:51:45+00:00,2021-09-05T02:21:09+00:00
2021-09-05,2021-09-05T12:14:39+00:00,2021-09-06T00:57:35+00:00,2021-09-05T18:36:07+00:00,45776,2021-09-05T11:51:14+00:00,2021-09-06T01:21:00+00:00,2021-09-05T11:22:11+00:00,2021-09-06T01:50:03+00:00,2021-09-05T10:52:32+00:00,2021-09-06T02:19:43+00:00
2021-09-06,2021-09-06T12:15:16+00:00,2021-09-07T00:56:18+00:00,2021-09-06T18:35:47+00:00,45662,2021-09-06T11:51:52+00:00,2021-09-07T01:19:41+00:00,2021-09-06T11:22:52+00:00,2021-09-07T01:48:41+00:00,2021-09-06T10:53:18+00:00,2021-09-07T02:18:16+00:00
2021-09-07,2021-09-07T12:15:52+00:00,2021-09-08T00:55:00+00:00,2021-09-07T18:35:26+00:00,45548,2021-09-07T11:52:30+00:00,2021-09-08T01:18:22+00:00,2021-09-07T11:23:34+00:00,2021-09-08T01:47:19+00:00,2021-09-07T10:54:03+00:00,2021-09-08T02:16:49+00:00
2021-09-08,2021-09-08T12:16:28+00:00,2021-09-09T00:53:43+00:00,2021-09-08T18:35:05+00:00,45435,2021-09-08T11:53:08+00:00,2021-09-09T01:17:03+00:00,2021-09-08T11:24:15+00:00,2021-09-09T01:45:56+00:00,2021-09-08T10:54:49+00:00,2021-09-09T02:15:22+00:00
2021-09-09,2021-09-09T12:17:04+00:00,2021-09-10T00:52:25+00:00,2021-09-09T18:34:45+00:00,45321,2021-09-09T11:53:46+00:00,2021-09-10T01:15:43+00:00,2021-09-09T11:24:55+00:00,2021-09-10T01:44:34+00:00,2021-09-09T10:55:34+00:00,2021-09-10T02:13:56+00:00
2021-09-10,2021-09-10T12:17:40+00:00,2021-09-11T00:51:07+00:00,2021-09-10T18:34:24+00:00,45207,2021-09-10T11:54:23+00:00,2021-09-11T01:14:24+00:00,2021-09-10T11:25:36+00:00,2021-09-11T01:43:11+00:00,2021-09-10T10:56:18+00:00,2021-09-11T02:12:29+00:00
2021-09-11,2021-09-11T12:18:17+00:00,2021-09-12T00:49:48+00:00,2021-09-11T18:34:02+00:00,45091,2021-09-11T11:55:01+00:00,2021-09-12T01:13:04+00:00,2021-09-11T11:26:16+00:00,2021-09-12T01:41:49+00:00,2021-09-11T10:57:02+00:00,2021-09-12T02:11:02+00:00
2021-09-12,2021-09-12T12:18:53+00:00,2021-09-13T00:48:30+00:00,2021-09-12T18:33:41+00:00,44977,2021-09-12T11:55:39+00:00,2021-09-13T01:11:44+00:00,2021-09-12T11:26:56+00:00,2021-09-13T01:40:26+00:00,2021-09-12T10:57:46+00:00,2021-09-13T02:09:36+00:00
2021-09-13,2021-09-13T12:19:29+00:00,2021-09-14T00:47:11+00:00,2021-09-13T18:33:20+00:00,44862,2021-09-13T11:56:16+00:00,2021-09-14T01:10:24+00:00,2021-09-13T11:27:36+00:00,2021-09-14T01:39:04+00:00,2021-09-13T10:58:30+00:00,2021-09-14T02:08:10+00:00
2021-09-14,2021-09-14T12:20:05+00:00,2021-09-15T00:45:52+00:00,2021-09-14T18:32:58+00:00,44747,2021-09-14T11:56:53+00:00,2021-09-15T01:09:04+00:00,2021-09-14T11:28:16+00:00,2021-09-15T01:37:41+00:00,2021-09-14T10:59:13+00:00,2021-09-15T02:06:44+00:00
2021-09-15,2021-09-15T12:20:41+00:00,2021-09-16T00:44:33+00:00,2021-09-15T18:32:37+00:00,44632,2021-09-15T11:57:31+00:00,2021-09-16T01:07:44+00:00,2021-09-15T11:28:55+00:00,2021-09-16T01:36:19+00:00,2021-09-15T10:59:56+00:00,2021-09-16T02:05:18+00:00
2021-09-16,2021-09-16T12:21:17+00:00,2021-09-17T00:43:14+00:00,2021-09-16T18:32:16+00:00,44517,2021-09-16T11:58:08+00:00,2021-09-17T01:06:23+00:00,2021-09-16T11:29:35+00:00,2021-09-17T01:34:57+00:00,2021-09-16T11:00:39+00:00,2021-09-17T02:03:52+00:00
2021-09-17,2021-09-17T12:21:54+00:00,2021-09-18T00:41:55+00:00,2021-09-17T18:31:54+00:00,44401,2021-09-17T11:58:45+00:00,2021-09-18T01:05:03+00:00,2021-09-17T11:30:14+00:00,2021-09-18T01:33:35+00:00,2021-09-17T11:01:21+00:00,2021-09-18T02:02:27+00:00
2021-09-18,2021-09-18T12:22:30+00:00,2021-09-19T00:40:36+00:00,2021-09-18T18:31:33+00:00,44286,2021-09-18T11:59:22+00:00,2021-09-19T01:03:43+00:00,2021-09-18T11:30:53+00:00,2021-09-19T01:32:13+00:00,2021-09-18T11:02:03+00:00,2021-09-19T02:01:02+00:00
2021-09-19,2021-09-19T12:23:06+00:00,2021-09-20T00:39:16+00:00,2021-09-19T18:31:11+00:00,44170,2021-09-19T11:59:59+00:00,2021-09-20T01:02:23+00:00,2021-09-19T11:31:32+00:00,2021-09-20T01:30:51+00:00,2021-09-19T11:02:45+00:00,2021-09-20T01:59:38+00:00
2021-09-20,2021-09-20T12:23:43+00:00,2021-09-21T00:37:57+00:00,2021-09-20T18:30:50+00:00,44054,2021-09-20T12:00:37+00:00,2021-09-21T01:01:03+00:00,2021-09-20T11:32:11+00:00,2021-09-21T01:29:29+00:00,2021-09-20T11:03:27+00:00,2021-09-21T01:58:13+00:00
2021-09-21,2021-09-21T12:24:20+00:00,2021-09-22T00:36:38+00:00,2021-09-21T18:30:29+00:00,43938,2021-09-21T12:01:14+00:00,2021-09-22T00:59:44+00:00,2021-09-21T11:32:49+00:00,2021-09-22T01:28:08+00:00,2021-09-21T11:04:08+00:00,2021-09-22T01:56:49+00:00
2021-09-22,2021-09-22T12:24:56+00:00,2021-09-23T00:35:19+00:00,2021-09-22T18:30:08+00:00,43823,2021-09-22T12:01:51+00:00,2021-09-23T00:58:24+00:00,2021-09-22T11:33:28+00:00,2021-09-23T01:26:47+00:00,2021-09-22T11:04:49+00:00,2021-09-23T01:55:26+00:00
2021-09-23,2021-09-23T12:25:33+00:00,2021-09-24T00:34:00+00:00,2021-09-23T18:29:47+00:00,43707,2021-09-23T12:02:28+00:00,2021-09-24T00:57:05+00:00,2021-09-23T11:34:07+00:00,2021-09-24T01:25:27+00:00,2021-09-23T11:05:30+00:00,2021-09-24T01:54:03+00:00
2021-09-24,2021-09-24T12:26:10+00:00,2021-09-25T00:32:41+00:00,2021-09-24T18:29:26+00:00,43591,2021-09-24T12:03:06+00:00,2021-09-25T00:55:46+00:00,2021-09-24T11:34:45+00:00,2021-09-25T01:24:06+00:00,2021-09-24T11:06:11+00:00,2021-09-25T01:52:40+00:00
2021-09-25,2021-09-25T12:26:47+00:00,2021-09-26T00:31:23+00:00,2021-09-25T18:29:05+00:00,43476,2021-09-25T12:03:43+00:00,2021-09-26T00:54:27+00:00,2021-09-25T11:35:24+00:00,2021-09-26T01:22:46+00:00,2021-09-25T11:06:52+00:00,2021-09-26T01:51:18+00:00
2021-09-26,2021-09-26T12:27:25+00:00,2021-09-27T00:30:04+00:00,2021-09-26T18:28:44+00:00,43359,2021-09-26T12:04:21+00:00,2021-09-27T00:53:08+00:00,2021-09-26T11:36:02+00:00,2021-09-27T01:21:27+00:00,2021-09-26T11:07:32+00:00,2021-09-27T01:49:57+00:00
2021-09-27,2021-09-27T12:28:02+00:00,2021-09-28T00:28:46+00:00,2021-09-27T18:28:24+00:00,43244,2021-09-27T12:04:58+00:00,2021-09-28T00:51:50+00:00,2021-09-27T11:36:41+00:00,2021-09-28T01:20:08+00:00,2021-09-27T11:08:13+00:00,2021-09-28T01:48:36+00:00
2021-09-28,2021-09-28T12:28:40+00:00,2021-09-29T00:27:28+00:00,2021-09-28T18:28:04+00:00,43128,2021-09-28T12:05:36+00:00,2021-09-29T00:50:32+00:00,2021-09-28T11:37:19+00:00,2021-09-29T01:18:49+00:00,2021-09-28T11:08:53+00:00,2021-09-29T01:47:15+00:00
2021-09-29,2021-09-29T12:29:18+00:00,2021-09-30T00:26:10+00:00,2021-09-29T18:27:44+00:00,43012,2021-09-29T12:06:14+00:00,2021-09-30T00:49:15+00:00,2021-09-29T11:37:58+00:00,2021-09-30T01:17:31+00:00,2021-09-29T11:09:33+00:00,2021-09-30T01:45:55+00:00
2021-09-30,2021-09-30T12:29:56+00:00,2021-10-01T00:24:53+00:00,2021-09-30T18:27:24+00:00,42897,2021-09-30T12:06:52+00:00,2021-10-01T00:47:57+00:00,2021-09-30T11:38:36+00:00,2021-10-01T01:16:13+00:00,2021-09-30T11:10:13+00:00,2021-10-01T01:44:36+00:00
2021-10-01,2021-10-01T12:30:34+00:00,2021-10-02T00:23:36+00:00,2021-10-01T18:27:05+00:00,42782,2021-10-01T12:07:30+00:00,2021-10-02T00:46:41+00:00,2021-10-01T11:39:15+00:00,2021-10-02T01:14:56+00:00,2021-10-01T11:10:53+00:00,2021-10-02T01:43:18+00:00
2021-10-02,2021-10-02T12:31:13+00:00,2021-10-03T00:22:19+00:00,2021-10-02T18:26:46+00:00,42666,2021-10-02T12:08:08+00:00,2021-10-03T00:45:24+00:00,2021-10-02T11:39:53+00:00,2021-10-03T01:13:39+00:00,2021-10-02T11:11:32+00:00,2021-10-03T01:42:00+00:00
2021-10-03,2021-10-03T12:31:52+00:00,2021-10-04T00:21:03+00:00,2021-10-03T18:26:27+00:00,42551,2021-10-03T12:08:46+00:00,2021-10-04T00:44:08+00:00,2021-10-03T11:40:32+00:00,2021-10-04T01:12:23+00:00,2021-10-03T11:12:12+00:00,2021-10-04T01:40:43+00:00
2021-10-04,2021-10-04T12:32:31+00:00,2021-10-05T00:19:47+00:00,2021-10-04T18:26:09+00:00,42436,2021-10-04T12:09:25+00:00,2021-10-05T00:42:53+00:00,2021-10-04T11:41:10+00:00,2021-10-05T01:11:08+00:00,2021-10-04T11:12:52+00:00,2021-10-05T01:39:26+00:00
2021-10-05,2021-10-05T12:33:11+00:00,2021-10-06T00:18:32+00:00,2021-10-05T18:25:51+00:00,42321,2021-10-05T12:10:04+00:00,2021-10-06T00:41:38+00:00,2021-10-05T11:41:49+00:00,2021-10-06T01:09:53+00:00,2021-10-05T11:13:31+00:00,2021-10-06T01:38:11+00:00
2021-10-06,2021-10-06T12:33:50+00:00,2021-10-07T00:17:17+00:00,2021-10-06T18:25:33+00:00,42207,2021-10-06T12:10:43+00:00,2021-10-07T00:40:24+00:00,2021-10-06T11:42:28+00:00,2021-10-07T01:08:39+00:00,2021-10-06T11:14:11+00:00,2021-10-07T01:36:56+00:00
2021-10-07,2021-10-07T12:34:30+00:00,2021-10-08T00:16:02+00:00,2021-10-07T18:25:16+00:00,42092,2021-10-07T12:11:22+00:00,2021-10-08T00:39:10+00:00,2021-10-07T11:43:07+00:00,2021-10-08T01:07:26+00:00,2021-10-07T11:14:51+00:00,2021-10-08T01:35:42+00:00
2021-10-08,2021-10-08T12:35:11+00:00,2021-10-09T00:14:48+00:00,2021-10-08T18:24:59+00:00,41977,2021-10-08T12:12:01+00:00,2021-10-09T00:37:57+00:00,2021-10-08T11:43:46+00:00,2021-10-09T01:06:13+00:00,2021-10-08T11:15:30+00:00,2021-10-09T01:34:29+00:00
2021-10-09,2021-10-09T12:35:51+00:00,2021-10-10T00:13:35+00:00,2021-10-09T18:24:43+00:00,41864,2021-10-09T12:12:41+00:00,2021-10-10T00:36:45+00:00,2021-10-09T11:44:25+00:00,2021-10-10T01:05:01+00:00,2021-10-09T11:16:10+00:00,2021-10-10T01:33:16+00:00
2021-10-10,2021-10-10T12:36:32+00:00,2021-10-11T00:12:22+00:00,2021-10-10T18:24:27+00:00,41750,2021-10-10T12:13:21+00:00,2021-10-11T00:35:33+00:00,2021-10-10T11:45:05+00:00,2021-10-11T01:03:50+00:00,2021-10-10T11:16:50+00:00,2021-10-11T01:32:05+00:00
2021-10-11,2021-10-11T12:37:14+00:00,2021-10-12T00:11:10+00:00,2021-10-11T18:24:12+00:00,41636,2021-10-11T12:14:01+00:00,2021-10-12T00:34:22+00:00,2021-10-11T11:45:44+00:00,2021-10-12T01:02:39+00:00,2021-10-11T11:17:29+00:00,2021-10-12T01:30:54+00:00
2021-10-12,2021-10-12T12:37:55+00:00,2021-10-13T00:09:59+00:00,2021-10-12T18:23:57+00:00,41524,2021-10-12T12:14:42+00:00,2021-10-13T00:33:12+00:00,2021-10-12T11:46:24+00:00,2021-10-13T01:01:30+00:00,2021-10-12T11:18:09+00:00,2021-10-13T01:29:45+00:00
2021-10-13,2021-10-13T12:38:37+00:00,2021-10-14T00:08:48+00:00,2021-10-13T18:23:43+00:00,41411,2021-10-13T12:15:22+00:00,2021-10-14T00:32:03+00:00,2021-10-13T11:47:04+00:00,2021-10-14T01:00:21+00:00,2021-10-13T11:18:49+00:00,2021-10-14T01:28:36+00:00
2021-10-14,2021-10-14T12:39:20+00:00,2021-10-15T00:07:38+00:00,2021-10-14T18:23:29+00:00,41298,2021-10-14T12:16:03+00:00,2021-10-15T00:30:54+00:00,2021-10-14T11:47:44+00:00,2021-10-15T00:59:14+00:00,2021-10-14T11:19:29+00:00,2021-10-15T01:27:28+00:00
2021-10-15,2021-10-15T12:40:02+00:00,2021-10-16T00:06:28+00:00,2021-10-15T18:23:15+00:00,41186,2021-10-15T12:16:45+00:00,2021-10-16T00:29:46+00:00,2021-10-15T11:48:24+00:00,2021-10-16T00:58:07+00:00,2021-10-15T11:20:09+00:00,2021-10-16T01:26:22+00:00
2021-10-16,2021-10-16T12:40:45+00:00,2021-10-17T00:05:20+00:00,2021-10-16T18:23:03+00:00,41075,2021-10-16T12:17:26+00:00,2021-10-17T00:28:39+00:00,2021-10-16T11:49:04+00:00,2021-10-17T00:57:01+00:00,2021-10-16T11:20:49+00:00,2021-10-17T01:25:16+00:00
2021-10-17,2021-10-17T12:41:29+00:00,2021-10-18T00:04:12+00:00,2021-10-17T18:22:51+00:00,40963,2021-10-17T12:18:08+00:00,2021-10-18T00:27:33+00:00,2021-10-17T11:49:45+00:00,2021-10-18T00:55:56+00:00,2021-10-17T11:21:29+00:00,2021-10-18T01:24:12+00:00
2021-10-18,2021-10-18T12:42:13+00:00,2021-10-19T00:03:05+00:00,2021-10-18T18:22:39+00:00,40852,2021-10-18T12:18:50+00:00,2021-10-19T00:26:28+00:00,2021-10-18T11:50:26+00:00,2021-10-19T00:54:52+00:00,2021-10-18T11:22:10+00:00,2021-10-19T01:23:08+00:00
2021-10-19,2021-10-19T12:42:57+00:00,2021-10-20T00:01:59+00:00,2021-10-19T18:22:28+00:00,40742,2021-10-19T12:19:33+00:00,2021-10-20T00:25:23+00:00,2021-10-19T11:51:07+00:00,2021-10-20T00:53:49+00:00,2021-10-19T11:22:50+00:00,2021-10-20T01:22:06+00:00
2021-10-20,2021-10-20T12:43:42+00:00,2021-10-21T00:00:54+00:00,2021-10-20T18:22:18+00:00,40632,2021-10-20T12:20:15+00:00,2021-10-21T00:24:20+00:00,2021-10-20T11:51:48+00:00,2021-10-21T00:52:47+00:00,2021-10-20T11:23:31+00:00,2021-10-21T01:21:05+00:00
2021-10-21,2021-10-21T12:44:27+00:00,2021-10-21T23:59:50+00:00,2021-10-21T18:22:08+00:00,40523,2021-10-21T12:20:59+00:00,2021-10-22T00:23:18+00:00,2021-10-21T11:52:30+00:00,2021-10-22T00:51:47+00:00,2021-10-21T11:24:12+00:00,2021-10-22T01:20:05+00:00
2021-10-22,2021-10-22T12:45:12+00:00,2021-10-22T23:58:46+00:00,2021-10-22T18:21:59+00:00,40414,2021-10-22T12:21:42+00:00,2021-10-23T00:22:16+00:00,2021-10-22T11:53:12+00:00,2021-10-23T00:50:47+00:00,2021-10-22T11:24:52+00:00,2021-10-23T01:19:06+00:00
2021-10-23,2021-10-23T12:45:58+00:00,2021-10-23T23:57:44+00:00,2021-10-23T18:21:51+00:00,40306,2021-10-23T12:22:26+00:00,2021-10-24T00:21:16+00:00,2021-10-23T11:53:54+00:00,2021-10-24T00:49:48+00:00,2021-10-23T11:25:34+00:00,2021-10-24T01:18:08+00:00
2021-10-24,2021-10-24T12:46:44+00:00,2021-10-24T23:56:43+00:00,2021-10-24T18:21:43+00:00,40199,2021-10-24T12:23:10+00:00,2021-10-25T00:20:17+00:00,2021-10-24T11:54:36+00:00,2021-10-25T00:48:51+00:00,2021-10-24T11:26:15+00:00,2021-10-25T01:17:12+00:00
2021-10-25,2021-10-25T12:47:31+00:00,2021-10-25T23:55:43+00:00,2021-10-25T18:21:37+00:00,40092,2021-10-25T12:23:54+00:00,2021-10-26T00:19:19+00:00,2021-10-25T11:55:19+00:00,2021-10-26T00:47:55+00:00,2021-10-25T11:26:56+00:00,2021-10-26T01:16:17+00:00
2021-10-26,2021-10-26T12:48:18+00:00,2021-10-26T23:54:43+00:00,2021-10-26T18:21:31+00:00,39985,2021-10-26T12:24:39+00:00,2021-10-27T00:18:22+00:00,2021-10-26T11:56:01+00:00,2021-10-27T00:47:00+00:00,2021-10-26T11:27:38+00:00,2021-10-27T01:15:23+00:00
2021-10-27,2021-10-27T12:49:05+00:00,2021-10-27T23:53:45+00:00,2021-10-27T18:21:25+00:00,39880,2021-10-27T12:25:24+00:00,2021-10-28T00:17:26+00:00,2021-10-27T11:56:44+00:00,2021-10-28T00:46:06+00:00,2021-10-27T11:28:20+00:00,2021-10-28T01:14:31+00:00
2021-10-28,2021-10-28T12:49:53+00:00,2021-10-28T23:52:48+00:00,2021-10-28T18:21:21+00:00,39775,2021-10-28T12:26:10+00:00,2021-10-29T00:16:31+00:00,2021-10-28T11:57:28+00:00,2021-10-29T00:45:13+00:00,2021-10-28T11:29:02+00:00,2021-10-29T01:13:39+00:00
2021-10-29,2021-10-29T12:50:41+00:00,2021-10-29T23:51:53+00:00,2021-10-29T18:21:17+00:00,39672,2021-10-29T12:26:56+00:00,2021-10-30T00:15:38+00:00,2021-10-29T11:58:11+00:00,2021-10-30T00:44:22+00:00,2021-10-29T11:29:44+00:00,2021-10-30T01:12:49+00:00
2021-10-30,2021-10-30T12:51:29+00:00,2021-10-30T23:50:58+00:00,2021-10-30T18:21:14+00:00,39569,2021-10-30T12:27:42+00:00,2021-10-31T00:14:46+00:00,2021-10-30T11:58:55+00:00,2021-10-31T00:43:32+00:00,2021-10-30T11:30:26+00:00,2021-10-31T01:12:01+00:00
2021-10-31,2021-10-31T12:52:18+00:00,2021-10-31T23:50:04+00:00,2021-10-31T18:21:11+00:00,39466,2021-10-31T12:28:28+00:00,2021-11-01T00:13:55+00:00,2021-10-31T11:59:39+00:00,2021-11-01T00:42:43+00:00,2021-10-31T11:31:09+00:00,2021-11-01T01:11:14+00:00
2021-11-01,2021-11-01T12:53:07+00:00,2021-11-01T23:49:12+00:00,2021-11-01T18:21:10+00:00,39365,2021-11-01T12:29:15+00:00,2021-11-02T00:13:05+00:00,2021-11-01T12:00:24+00:00,2021-11-02T00:41:56+00:00,2021-11-01T11:31:52+00:00,2021-11-02T01:10:28+00:00
2021-11-02,2021-11-02T12:53:57+00:00,2021-11-02T23:48:21+00:00,2021-11-02T18:21:09+00:00,39264,2021-11-02T12:30:02+00:00,2021-11-03T00:12:17+00:00,2021-11-02T12:01:08+00:00,2021-11-03T00:41:10+00:00,2021-11-02T11:32:35+00:00,2021-11-03T01:09:44+00:00
2021-11-03,2021-11-03T12:54:47+00:00,2021-11-03T23:47:32+00:00,2021-11-03T18:21:09+00:00,39165,2021-11-03T12:30:49+00:00,2021-11-04T00:11:30+00:00,2021-11-03T12:01:53+00:00,2021-11-04T00:40:25+00:00,2021-11-03T11:33:18+00:00,2021-11-04T01:09:01+00:00
2021-11-04,2021-11-04T12:55:37+00:00,2021-11-04T23:46:44+00:00,2021-11-04T18:21:10+00:00,39067,2021-11-04T12:31:36+00:00,2021-11-05T00:10:44+00:00,2021-11-04T12:02:38+00:00,2021-11-05T00:39:42+00:00,2021-11-04T11:34:01+00:00,2021-11-05T01:08:19+00:00
2021-11-05,2021-11-05T12:56:27+00:00,2021-11-05T23:45:57+00:00,2021-11-05T18:21:12+00:00,38970,2021-11-05T12:32:24+00:00,2021-11-06T00:10:00+00:00,2021-11-05T12:03:24+00:00,2021-11-06T00:39:00+00:00,2021-11-05T11:34:45+00:00,2021-11-06T01:07:39+00:00
2021-11-06,2021-11-06T12:57:18+00:00,2021-11-06T23:45:11+00:00,2021-11-06T18:21:15+00:00,38873,2021-11-06T12:33:12+00:00,2021-11-07T00:09:17+00:00,2021-11-06T12:04:09+00:00,2021-11-07T00:38:20+00:00,2021-11-06T11:35:28+00:00,2021-11-07T01:07:01+00:00
2021-11-07,2021-11-07T12:58:09+00:00,2021-11-07T23:44:27+00:00,2021-11-07T18:21:18+00:00,38778,2021-11-07T12:34:01+00:00,2021-11-08T00:08:35+00:00,2021-11-07T12:04:55+00:00,2021-11-08T00:37:41+00:00,2021-11-07T11:36:12+00:00,2021-11-08T01:06:24+00:00
2021-11-08,2021-11-08T12:59:00+00:00,2021-11-08T23:43:44+00:00,2021-11-08T18:21:22+00:00,38684,2021-11-08T12:34:49+00:00,2021-11-09T00:07:55+00:00,2021-11-08T12:05:41+00:00,2021-11-09T00:37:04+00:00,2021-11-08T11:36:56+00:00,2021-11-09T01:05:49+00:00
2021-11-09,2021-11-09T12:59:52+00:00,2021-11-09T23:43:03+00:00,2021-11-09T18:21:28+00:00,38591,2021-11-09T12:35:38+00:00,2021-11-10T00:07:17+00:00,2021-11-09T12:06:27+00:00,2021-11-10T00:36:28+00:00,2021-11-09T11:37:40+00:00,2021-11-10T01:05:15+00:00
2021-11-10,2021-11-10T13:00:44+00:00,2021-11-10T23:42:23+00:00,2021-11-10T18:21:33+00:00,38499,2021-11-10T12:36:27+00:00,2021-11-11T00:06:40+00:00,2021-11-10T12:07:13+00:00,2021-11-11T00:35:54+00:00,2021-11-10T11:38:25+00:00,2021-11-11T01:04:42+00:00
2021-11-11,2021-11-11T13:01:35+00:00,2021-11-11T23:41:45+00:00,2021-11-11T18:21:40+00:00,38410,2021-11-11T12:37:16+00:00,2021-11-12T00:06:04+00:00,2021-11-11T12:08:00+00:00,2021-11-12T00:35:21+00:00,2021-11-11T11:39:09+00:00,2021-11-12T01:04:11+00:00
2021-11-12,2021-11-12T13:02:28+00:00,2021-11-12T23:41:08+00:00,2021-11-12T18:21:48+00:00,38320,2021-11-12T12:38:06+00:00,2021-11-13T00:05:31+00:00,2021-11-12T12:08:46+00:00,2021-11-13T00:34:50+00:00,2021-11-12T11:39:54+00:00,2021-11-13T01:03:42+00:00
2021-11-13,2021-11-13T13:03:20+00:00,2021-11-13T23:40:33+00:00,2021-11-13T18:21:57+00:00,38233,2021-11-13T12:38:55+00:00,2021-11-14T00:04:58+00:00,2021-11-13T12:09:33+00:00,2021-11-14T00:34:20+00:00,2021-11-13T11:40:39+00:00,2021-11-14T01:03:15+00:00
2021-11-14,2021-11-14T13:04:12+00:00,2021-11-14T23:40:00+00:00,2021-11-14T18:22:06+00:00,38148,2021-11-14T12:39:45+00:00,2021-11-15T00:04:27+00:00,2021-11-14T12:10:20+00:00,2021-11-15T00:33:52+00:00,2021-11-14T11:41:23+00:00,2021-11-15T01:02:48+00:00
2021-11-15,2021-11-15T13:05:04+00:00,2021-11-15T23:39:28+00:00,2021-11-15T18:22:16+00:00,38064,2021-11-15T12:40:34+00:00,2021-11-16T00:03:58+00:00,2021-11-15T12:11:07+00:00,2021-11-16T00:33:25+00:00,2021-11-15T11:42:08+00:00,2021-11-16T01:02:24+00:00
2021-11-16,2021-11-16T13:05:57+00:00,2021-11-16T23:38:57+00:00,2021-11-16T18:22:27+00:00,37980,2021-11-16T12:41:24+00:00,2021-11-17T00:03:30+00:00,2021-11-16T12:11:54+00:00,2021-11-17T00:33:00+00:00,2021-11-16T11:42:53+00:00,2021-11-17T01:02:01+00:00
2021-11-17,2021-11-17T13:06:50+00:00,2021-11-17T23:38:29+00:00,2021-11-17T18:22:39+00:00,37899,2021-11-17T12:42:14+00:00,2021-11-18T00:03:04+00:00,2021-11-17T12:12:41+00:00,2021-11-18T00:32:37+00:00,2021-11-17T11:43:38+00:00,2021-11-18T01:01:40+00:00
2021-11-18,2021-11-18T13:07:42+00:00,2021-11-18T23:38:02+00:00,2021-11-18T18:22:52+00:00,37820,2021-11-18T12:43:04+00:00,2021-11-19T00:02:40+00:00,2021-11-18T12:13:28+00:00,2021-11-19T00:32:15+00:00,2021-11-18T11:44:23+00:00,2021-11-19T01:01:20+00:00
2021-11-19,2021-11-19T13:08:35+00:00,2021-11-19T23:37:36+00:00,2021-11-19T18:23:05+00:00,37741,2021-11-19T12:43:53+00:00,2021-11-20T00:02:17+00:00,2021-11-19T12:14:16+00:00,2021-11-20T00:31:55+00:00,2021-11-19T11:45:08+00:00,2021-11-20T01:01:02+00:00
2021-11-20,2021-11-20T13:09:27+00:00,2021-11-20T23:37:13+00:00,2021-11-20T18:23:20+00:00,37666,2021-11-20T12:44:43+00:00,2021-11-21T00:01:56+00:00,2021-11-20T12:15:03+00:00,2021-11-21T00:31:37+00:00,2021-11-20T11:45:54+00:00,2021-11-21T01:00:46+00:00
2021-11-21,2021-11-21T13:10:19+00:00,2021-11-21T23:36:51+00:00,2021-11-21T18:23:35+00:00,37592,2021-11-21T12:45:33+00:00,2021-11-22T00:01:37+00:00,2021-11-21T12:15:50+00:00,2021-11-22T00:31:20+00:00,2021-11-21T11:46:39+00:00,2021-11-22T01:00:31+00:00
2021-11-22,2021-11-22T13:11:12+00:00,2021-11-22T23:36:30+00:00,2021-11-22T18:23:51+00:00,37518,2021-11-22T12:46:23+00:00,2021-11-23T00:01:19+00:00,2021-11-22T12:16:37+00:00,2021-11-23T00:31:05+00:00,2021-11-22T11:47:24+00:00,2021-11-23T01:00:18+00:00
2021-11-23,2021-11-23T13:12:04+00:00,2021-11-23T23:36:12+00:00,2021-11-23T18:24:08+00:00,37448,2021-11-23T12:47:12+00:00,2021-11-24T00:01:03+00:00,2021-11-23T12:17:24+00:00,2021-11-24T00:30:51+00:00,2021-11-23T11:48:09+00:00,2021-11-24T01:00:07+00:00
2021-11-24,2021-11-24T13:12:55+00:00,2021-11-24T23:35:55+00:00,2021-11-24T18:24:25+00:00,37380,2021-11-24T12:48:01+00:00,2021-11-25T00:00:49+00:00,2021-11-24T12:18:11+00:00,2021-11-25T00:30:40+00:00,2021-11-24T11:48:53+00:00,2021-11-25T00:59:57+00:00
2021-11-25,2021-11-25T13:13:47+00:00,2021-11-25T23:35:40+00:00,2021-11-25T18:24:43+00:00,37313,2021-11-25T12:48:51+00:00,2021-11-26T00:00:36+00:00,2021-11-25T12:18:57+00:00,2021-11-26T00:30:30+00:00,2021-11-25T11:49:38+00:00,2021-11-26T00:59:49+00:00
2021-11-26,2021-11-26T13:14:38+00:00,2021-11-26T23:35:27+00:00,2021-11-26T18:25:03+00:00,37249,2021-11-26T12:49:39+00:00,2021-11-27T00:00:26+00:00,2021-11-26T12:19:44+00:00,2021-11-27T00:30:21+00:00,2021-11-26T11:50:23+00:00,2021-11-27T00:59:42+00:00
2021-11-27,2021-11-27T13:15:29+00:00,2021-11-27T23:35:15+00:00,2021-11-27T18:25:22+00:00,37186,2021-11-27T12:50:28+00:00,2021-11-28T00:00:16+00:00,2021-11-27T12:20:30+00:00,2021-11-28T00:30:14+00:00,2021-11-27T11:51:07+00:00,2021-11-28T00:59:37+00:00
2021-11-28,2021-11-28T13:16:20+00:00,2021-11-28T23:35:05+00:00,2021-11-28T18:25:43+00:00,37125,2021-11-28T12:51:16+00:00,2021-11-29T00:00:09+00:00,2021-11-28T12:21:16+00:00,2021-11-29T00:30:09+00:00,2021-11-28T11:51:51+00:00,2021-11-29T00:59:34+00:00
2021-11-29,2021-11-29T13:17:10+00:00,2021-11-29T23:34:58+00:00,2021-11-29T18:26:04+00:00,37068,2021-11-29T12:52:04+00:00,2021-11-30T00:00:03+00:00,2021-11-29T12:22:02+00:00,2021-11-30T00:30:06+00:00,2021-11-29T11:52:35+00:00,2021-11-30T00:59:32+00:00
2021-11-30,2021-11-30T13:18:00+00:00,2021-11-30T23:34:51+00:00,2021-11-30T18:26:26+00:00,37011,2021-11-30T12:52:52+00:00,2021-11-30T23:59:59+00:00,2021-11-30T12:22:47+00:00,2021-12-01T00:30:04+00:00,2021-11-30T11:53:19+00:00,2021-12-01T00:59:32+00:00
2021-12-01,2021-12-01T13:18:49+00:00,2021-12-01T23:34:47+00:00,2021-12-01T18:26:48+00:00,36958,2021-12-01T12:53:39+00:00,2021-12-01T23:59:57+00:00,2021-12-01T12:23:33+00:00,2021-12-02T00:30:04+00:00,2021-12-01T11:54:03+00:00,2021-12-02T00:59:34+00:00
2021-12-02,2021-12-02T13:19:38+00:00,2021-12-02T23:34:44+00:00,2021-12-02T18:27:11+00:00,36906,2021-12-02T12:54:26+00:00,2021-12-02T23:59:57+00:00,2021-12-02T12:24:17+00:00,2021-12-03T00:30:05+00:00,2021-12-02T11:54:46+00:00,2021-12-03T00:59:37+00:00
2021-12-03,2021-12-03T13:20:26+00:00,2021-12-03T23:34:44+00:00,2021-12-03T18:27:35+00:00,36858,2021-12-03T12:55:12+00:00,2021-12-03T23:59:58+00:00,2021-12-03T12:25:02+00:00,2021-12-04T00:30:08+00:00,2021-12-03T11:55:28+00:00,2021-12-04T00:59:42+00:00
2021-12-04,2021-12-04T13:21:14+00:00,2021-12-04T23:34:45+00:00,2021-12-04T18:27:59+00:00,36811,2021-12-04T12:55:58+00:00,2021-12-05T00:00:01+00:00,2021-12-04T12:25:45+00:00,2021-12-05T00:30:13+00:00,2021-12-04T11:56:11+00:00,2021-12-05T00:59:48+00:00
2021-12-05,2021-12-05T13:22:01+00:00,2021-12-05T23:34:48+00:00,2021-12-05T18:28:24+00:00,36767,2021-12-05T12:56:43+00:00,2021-12-06T00:00:05+00:00,2021-12-05T12:26:29+00:00,2021-12-06T00:30:20+00:00,2021-12-05T11:56:53+00:00,2021-12-06T00:59:56+00:00
2021-12-06,2021-12-06T13:22:47+00:00,2021-12-06T23:34:52+00:00,2021-12-06T18:28:50+00:00,36725,2021-12-06T12:57:28+00:00,2021-12-07T00:00:11+00:00,2021-12-06T12:27:12+00:00,2021-12-07T00:30:28+00:00,2021-12-06T11:57:34+00:00,2021-12-07T01:00:05+00:00
2021-12-07,2021-12-07T13:23:33+00:00,2021-12-07T23:34:58+00:00,2021-12-07T18:29:15+00:00,36685,2021-12-07T12:58:12+00:00,2021-12-08T00:00:19+00:00,2021-12-07T12:27:54+00:00,2021-12-08T00:30:37+00:00,2021-12-07T11:58:15+00:00,2021-12-08T01:00:16+00:00
2021-12-08,2021-12-08T13:24:17+00:00,2021-12-08T23:35:07+00:00,2021-12-08T18:29:42+00:00,36650,2021-12-08T12:58:55+00:00,2021-12-09T00:00:29+00:00,2021-12-08T12:28:36+00:00,2021-12-09T00:30:48+00:00,2021-12-08T11:58:56+00:00,2021-12-09T01:00:28+00:00
2021-12-09,2021-12-09T13:25:01+00:00,2021-12-09T23:35:16+00:00,2021-12-09T18:30:09+00:00,36615,2021-12-09T12:59:37+00:00,2021-12-10T00:00:40+00:00,2021-12-09T12:29:17+00:00,2021-12-10T00:31:01+00:00,2021-12-09T11:59:36+00:00,2021-12-10T01:00:42+00:00
2021-12-10,2021-12-10T13:25:44+00:00,2021-12-10T23:35:28+00:00,2021-12-10T18:30:36+00:00,36584,2021-12-10T13:00:19+00:00,2021-12-11T00:00:53+00:00,2021-12-10T12:29:57+00:00,2021-12-11T00:31:15+00:00,2021-12-10T12:00:15+00:00,2021-12-11T01:00:57+00:00
2021-12-11,2021-12-11T13:26:26+00:00,2021-12-11T23:35:41+00:00,2021-12-11T18:31:04+00:00,36555,2021-12-11T13:01:00+00:00,2021-12-12T00:01:08+00:00,2021-12-11T12:30:37+00:00,2021-12-12T00:31:31+00:00,2021-12-11T12:00:53+00:00,2021-12-12T01:01:14+00:00
2021-12-12,2021-12-12T13:27:07+00:00,2021-12-12T23:35:56+00:00,2021-12-12T18:31:32+00:00,36529,2021-12-12T13:01:39+00:00,2021-12-13T00:01:24+00:00,2021-12-12T12:31:15+00:00,2021-12-13T00:31:48+00:00,2021-12-12T12:01:31+00:00,2021-12-13T01:01:32+00:00
2021-12-13,2021-12-13T13:27:47+00:00,2021-12-13T23:36:13+00:00,2021-12-13T18:32:00+00:00,36506,2021-12-13T13:02:18+00:00,2021-12-14T00:01:41+00:00,2021-12-13T12:31:53+00:00,2021-12-14T00:32:07+00:00,2021-12-13T12:02:09+00:00,2021-12-14T01:01:51+00:00
2021-12-14,2021-12-14T13:28:26+00:00,2021-12-14T23:36:31+00:00,2021-12-14T18:32:29+00:00,36485,2021-12-14T13:02:57+00:00,2021-12-15T00:02:01+00:00,2021-12-14T12:32:31+00:00,2021-12-15T00:32:27+00:00,2021-12-14T12:02:45+00:00,2021-12-15T01:02:12+00:00
2021-12-15,2021-12-15T13:29:04+00:00,2021-12-15T23:36:51+00:00,2021-12-15T18:32:58+00:00,36467,2021-12-15T13:03:34+00:00,2021-12-16T00:02:21+00:00,2021-12-15T12:33:07+00:00,2021-12-16T00:32:48+00:00,2021-12-15T12:03:21+00:00,2021-12-16T01:02:34+00:00
2021-12-16,2021-12-16T13:29:40+00:00,2021-12-16T23:37:13+00:00,2021-12-16T18:33:27+00:00,36453,2021-12-16T13:04:10+00:00,2021-12-17T00:02:44+00:00,2021-12-16T12:33:42+00:00,2021-12-17T00:33:11+00:00,2021-12-16T12:03:56+00:00,2021-12-17T01:02:58+00:00
2021-12-17,2021-12-17T13:30:16+00:00,2021-12-17T23:37:36+00:00,2021-12-17T18:33:56+00:00,36440,2021-12-17T13:04:45+00:00,2021-12-18T00:03:07+00:00,2021-12-17T12:34:17+00:00,2021-12-18T00:33:35+00:00,2021-12-17T12:04:30+00:00,2021-12-18T01:03:22+00:00
2021-12-18,2021-12-18T13:30:50+00:00,2021-12-18T23:38:01+00:00,2021-12-18T18:34:25+00:00,36431,2021-12-18T13:05:18+00:00,2021-12-19T00:03:33+00:00,2021-12-18T12:34:50+00:00,2021-12-19T00:34:01+00:00,2021-12-18T12:05:03+00:00,2021-12-19T01:03:48+00:00
2021-12-19,2021-12-19T13:31:23+00:00,2021-12-19T23:38:27+00:00,2021-12-19T18:34:55+00:00,36424,2021-12-19T13:05:51+00:00,2021-12-20T00:03:59+00:00,2021-12-19T12:35:23+00:00,2021-12-20T00:34:28+00:00,2021-12-19T12:05:35+00:00,2021-12-20T01:04:15+00:00
2021-12-20,2021-12-20T13:31:55+00:00,2021-12-20T23:38:55+00:00,2021-12-20T18:35:25+00:00,36420,2021-12-20T13:06:23+00:00,2021-12-21T00:04:27+00:00,2021-12-20T12:35:54+00:00,2021-12-21T00:34:56+00:00,2021-12-20T12:06:06+00:00,2021-12-21T01:04:43+00:00
2021-12-21,2021-12-21T13:32:25+00:00,2021-12-21T23:39:24+00:00,2021-12-21T18:35:55+00:00,36419,2021-12-21T13:06:53+00:00,2021-12-22T00:04:56+00:00,2021-12-21T12:36:24+00:00,2021-12-22T00:35:25+00:00,2021-12-21T12:06:37+00:00,2021-12-22T01:05:13+00:00
2021-12-22,2021-12-22T13:32:54+00:00,2021-12-22T23:39:55+00:00,2021-12-22T18:36:25+00:00,36421,2021-12-22T13:07:22+00:00,2021-12-23T00:05:27+00:00,2021-12-22T12:36:53+00:00,2021-12-23T00:35:56+00:00,2021-12-22T12:07:06+00:00,2021-12-23T01:05:43+00:00
2021-12-23,2021-12-23T13:33:22+00:00,2021-12-23T23:40:27+00:00,2021-12-23T18:36:54+00:00,36425,2021-12-23T13:07:50+00:00,2021-12-24T00:05:59+00:00,2021-12-23T12:37:21+00:00,2021-12-24T00:36:27+00:00,2021-12-23T12:07:34+00:00,2021-12-24T01:06:15+00:00
2021-12-24,2021-12-24T13:33:48+00:00,2021-12-24T23:41:01+00:00,2021-12-24T18:37:24+00:00,36433,2021-12-24T13:08:16+00:00,2021-12-25T00:06:32+00:00,2021-12-24T12:37:48+00:00,2021-12-25T00:37:00+00:00,2021-12-24T12:08:01+00:00,2021-12-25T01:06:48+00:00
2021-12-25,2021-12-25T13:34:12+00:00,2021-12-25T23:41:36+00:00,2021-12-25T18:37:54+00:00,36444,2021-12-25T13:08:41+00:00,2021-12-26T00:07:07+00:00,2021-12-25T12:38:14+00:00,2021-12-26T00:37:34+00:00,2021-12-25T12:08:27+00:00,2021-12-26T01:07:21+00:00
2021-12-26,2021-12-26T13:34:35+00:00,2021-12-26T23:42:12+00:00,2021-12-26T18:38:24+00:00,36457,2021-12-26T13:09:05+00:00,2021-12-27T00:07:42+00:00,2021-12-26T12:38:38+00:00,2021-12-27T00:38:09+00:00,2021-12-26T12:08:51+00:00,2021-12-27T01:07:56+00:00
2021-12-27,2021-12-27T13:34:57+00:00,2021-12-27T23:42:49+00:00,2021-12-27T18:38:53+00:00,36472,2021-12-27T13:09:27+00:00,2021-12-28T00:08:19+00:00,2021-12-27T12:39:01+00:00,2021-12-28T00:38:45+00:00,2021-12-27T12:09:15+00:00,2021-12-28T01:08:31+00:00
2021-12-28,2021-12-28T13:35:17+00:00,2021-12-28T23:43:28+00:00,2021-12-28T18:39:22+00:00,36491,2021-12-28T13:09:48+00:00,2021-12-29T00:08:57+00:00,2021-12-28T12:39:22+00:00,2021-12-29T00:39:22+00:00,2021-12-28T12:09:37+00:00,2021-12-29T01:09:08+00:00
2021-12-29,2021-12-29T13:35:35+00:00,2021-12-29T23:44:07+00:00,2021-12-29T18:39:51+00:00,36512,2021-12-29T13:10:07+00:00,2021-12-30T00:09:36+00:00,2021-12-29T12:39:43+00:00,2021-12-30T00:40:00+00:00,2021-12-29T12:09:58+00:00,2021-12-30T01:09:45+00:00
2021-12-30,2021-12-30T13:35:52+00:00,2021-12-30T23:44:48+00:00,2021-12-30T18:40:20+00:00,36536,2021-12-30T13:10:25+00:00,2021-12-31T00:10:15+00:00,2021-12-30T12:40:01+00:00,2021-12-31T00:40:39+00:00,2021-12-30T12:10:18+00:00,2021-12-31T01:10:23+00:00
2021-12-31,2021-12-31T13:36:07+00:00,2021-12-31T23:45:30+00:00,2021-12-31T18:40:49+00:00,36563,2021-12-31T13:10:42+00:00,2022-01-01T00:10:56+00:00,2021-12-31T12:40:19+00:00,2022-01-01T00:41:19+00:00,2021-12-31T12:10:36+00:00,2022-01-01T01:11:02+00:00
2022-01-01,2022-01-01T13:36:21+00:00,2022-01-01T23:46:13+00:00,2022-01-01T18:41:17+00:00,36592,2022-01-01T13:10:56+00:00,2022-01-02T00:11:38+00:00,2022-01-01T12:40:35+00:00,2022-01-02T00:42:00+00:00,2022-01-01T12:10:53+00:00,2022-01-02T01:11:41+00:00
2022-01-02,2022-01-02T13:36:33+00:00,2022-01-02T23:46:57+00:00,2022-01-02T18:41:45+00:00,36624,2022-01-02T13:11:10+00:00,2022-01-03T00:12:21+00:00,2022-01-02T12:40:49+00:00,2022-01-03T00:42:41+00:00,2022-01-02T12:11:09+00:00,2022-01-03T01:12:22+00:00
2022-01-03,2022-01-03T13:36:43+00:00,2022-01-03T23:47:42+00:00,2022-01-03T18:42:13+00:00,36659,2022-01-03T13:11:21+00:00,2022-01-04T00:13:04+00:00,2022-01-03T12:41:02+00:00,2022-01-04T00:43:23+00:00,2022-01-03T12:11:23+00:00,2022-01-04T01:13:03+00:00
2022-01-04,2022-01-04T13:36:52+00:00,2022-01-04T23:48:28+00:00,2022-01-04T18:42:40+00:00,36696,2022-01-04T13:11:31+00:00,2022-01-05T00:13:49+00:00,2022-01-04T12:41:14+00:00,2022-01-05T00:44:06+00:00,2022-01-04T12:11:36+00:00,2022-01-05T01:13:44+00:00
2022-01-05,2022-01-05T13:36:58+00:00,2022-01-05T23:49:15+00:00,2022-01-05T18:43:07+00:00,36737,2022-01-05T13:11:40+00:00,2022-01-06T00:14:34+00:00,2022-01-05T12:41:24+00:00,2022-01-06T00:44:49+00:00,2022-01-05T12:11:47+00:00,2022-01-06T01:14:27+00:00
2022-01-06,2022-01-06T13:37:03+00:00,2022-01-06T23:50:03+00:00,2022-01-06T18:43:33+00:00,36780,2022-01-06T13:11:46+00:00,2022-01-07T00:15:20+00:00,2022-01-06T12:41:33+00:00,2022-01-07T00:45:34+00:00,2022-01-06T12:11:57+00:00,2022-01-07T01:15:09+00:00
2022-01-07,2022-01-07T13:37:07+00:00,2022-01-07T23:50:51+00:00,2022-01-07T18:43:59+00:00,36824,2022-01-07T13:11:52+00:00,2022-01-08T00:16:06+00:00,2022-01-07T12:41:40+00:00,2022-01-08T00:46:18+00:00,2022-01-07T12:12:05+00:00,2022-01-08T01:15:53+00:00
2022-01-08,2022-01-08T13:37:08+00:00,2022-01-08T23:51:40+00:00,2022-01-08T18:44:24+00:00,36872,2022-01-08T13:11:55+00:00,2022-01-09T00:16:54+00:00,2022-01-08T12:41:45+00:00,2022-01-09T00:47:04+00:00,2022-01-08T12:12:12+00:00,2022-01-09T01:16:36+00:00
2022-01-09,2022-01-09T13:37:08+00:00,2022-01-09T23:52:30+00:00,2022-01-09T18:44:49+00:00,36922,2022-01-09T13:11:57+00:00,2022-01-10T00:17:41+00:00,2022-01-09T12:41:49+00:00,2022-01-10T00:47:49+00:00,2022-01-09T12:12:18+00:00,2022-01-10T01:17:21+00:00
